;;Panel 1 V1;Pool Nr.;1;6;5;3;2;4;7;12;8;9;11;16;10;13;17;23;15;14;27;24;31;18;26;19;21;22;20;32;35;28;29;40;34;36;38;42;30;33;44;25;39;45;41;37;43;46;48;47;49;50;
;;;CT;17.55;20.20;20.28;20.38;20.54;20.98;21.71;21.82;21.95;22.14;22.34;22.55;22.88;23.32;24.00;24.04;24.14;24.28;25.14;25.24;25.27;25.30;25.47;25.50;25.54;25.87;26.27;26.44;27.04;27.14;27.15;27.65;27.89;28.13;28.14;28.43;28.86;28.96;29.24;29.70;29.76;30.10;30.13;30.54;31.05;31.54;32.06;35.19;35.22;36.36;
;;Propagation;;Yes;Yes;Yes;No;Yes;Yes;Yes;Yes;No;No;No;No;No;No;No;Yes;Yes;No;Untested;Untested;Untested;Untested;Untested;Untested;Untested;Untested;Untested;Untested;Untested;Untested;Untested;Untested;Untested;Untested;Untested;Untested;Untested;Untested;Untested;Untested;Untested;Untested;Untested;Untested;Untested;Untested;Untested;Untested;Untested;Untested;
;;Panel 1 V2;Pool Nr.;1;2;3;5;4;6;12;7;8;16;9;11;10;15;23;17;14;25;24;13;19;21;27;31;26;32;35;36;30;29;28;22;34;40;18;33;38;20;42;44;39;37;41;45;48;46;43;47;50;49;
Manufacturer;Test name;;CT;17.31;19.08;19.62;20.60;20.61;21.21;22.12;22.15;22.32;22.88;23.13;23.13;23.21;24.38;24.45;24.81;24.97;25.07;25.20;25.29;25.45;25.95;26.12;26.24;26.32;26.64;26.66;27.05;27.24;27.34;27.41;27.42;27.82;28.19;28.33;28.92;29.36;29.46;29.48;29.51;30.12;30.13;30.14;31.19;31.19;31.34;31.61;34.55;35.83;36.04;Positives
;;Propagation;;Yes;Yes;Yes;Yes;Yes;No;No;No;No;No;No;No;No;No;No;No;No;Untested;Untested;Untested;Untested;Untested;Untested;Untested;Untested;Untested;Untested;Untested;Untested;Untested;Untested;Untested;Untested;Untested;Untested;Untested;Untested;Untested;Untested;Untested;Untested;Untested;Untested;Untested;Untested;Untested;Untested;Untested;Untested;Untested;
;;Propagation in V1;;n/a;n/a;n/a;Yes;n/a;Yes;Yes;Yes;No;No;No;;;Yes;Yes;;;;;;;;;;;;;;;;;;;;;;;;;;;;;;;;;;;;
Siemens Healthineers;CLINITEST® Rapid COVID‐19 Antigen Test;Panel 1 V1;eligible;1;1;1;1;1;1;1;1;1;1;1;1;1;1;1;1;1;1;1;1;1;1;1;1;1;1;1;1;1;1;1;0;1;1;1;1;1;1;0;1;0;0;0;0;0;0;0;0;0;0;38
Zhejiang Orient Gene Biotech Co.,Ltd;Coronavirus Ag Rapid Test Cassette (Swab);Panel 1 V1;eligible;1;1;1;1;1;1;1;1;1;1;1;1;1;1;1;1;1;1;1;1;1;1;1;1;1;1;1;1;1;1;1;0;1;1;1;1;1;1;0;1;0;0;0;0;0;0;0;0;0;0;38
BIOSYNEX SWISS SA;BIOSYNEX COVID‐ 19 Ag BSS;Panel 1 V1;eligible;1;1;1;1;1;1;1;1;1;1;1;1;1;1;1;1;1;1;1;1;1;1;1;1;1;1;1;1;1;0;1;0;1;1;1;0;1;0;0;1;1;0;1;0;0;0;0;0;0;0;37
Wantai (Beijing Wantai Biological Pharmacy Enterprise Co., Ltd.);SARS‐CoV‐2 Ag Rapid Test (FIA);Panel 1 V1;eligible;1;1;1;1;1;1;1;1;1;1;1;1;1;1;1;1;1;1;1;1;1;1;1;1;1;1;1;1;1;1;1;0;1;1;1;0;1;0;0;1;0;0;0;0;0;0;0;0;0;0;36
BIONOTE;NowCheck® COVID 19 Ag Test;Panel 1 V1;eligible;1;1;1;1;1;1;1;1;1;1;1;1;1;1;1;1;1;1;1;1;1;1;1;1;1;1;1;0;1;0;1;0;1;1;1;0;1;0;0;0;0;0;0;0;0;0;0;0;0;0;33
SD BIOSENSOR;STANDARDTM F COVID‐19 Ag FIA;Panel 1 V1;eligible;1;1;1;1;1;1;1;1;1;1;1;1;1;1;1;1;1;1;1;1;0;1;1;1;1;1;1;0;1;1;1;0;1;1;1;0;0;0;0;1;0;0;0;0;0;0;0;0;0;0;33
Abbott Rapid Diagnostics Jena GmbH;PanbioTM Covid‐19 Ag Rapid Test Device;Panel 1 V1;eligible;1;1;1;1;1;1;1;1;1;1;1;1;1;1;1;1;1;1;1;1;0;1;1;1;1;1;1;0;1;0;1;0;1;1;1;0;1;0;0;0;0;0;0;0;0;0;0;0;0;0;32
Joinstar Biomedical Technology Co., Ltd (CIV care impuls Vertrieb);COVID‐19 Antigen Schnelltest (Colloidal Gold);Panel 1 V1;eligible;1;1;1;1;1;1;1;1;1;1;1;1;1;1;1;1;1;1;1;1;1;1;1;1;1;1;1;1;1;0;0;0;0;1;0;0;1;0;0;1;0;0;0;0;0;0;0;0;0;0;32
Precision Biosensor Inc. (Axon Lab AG);Exdia COVID‐19‐Ag Test;Panel 1 V1;eligible;1;1;1;1;1;1;1;1;1;1;1;1;1;1;1;1;1;1;1;1;1;1;1;1;0;1;1;0;1;0;1;0;0;1;1;0;1;0;0;1;0;0;0;0;0;0;0;0;0;0;32
Guangdong Wesail Biotech Co., Ltd.;COVID‐19 Ag Test Kit;Panel 1 V1;eligible;1;1;1;1;1;1;1;1;1;1;1;1;1;1;1;1;1;1;1;1;0;1;1;1;1;1;1;0;1;0;1;0;0;1;0;0;1;0;0;0;0;0;0;0;0;0;0;1;0;0;31
LumiraDX;LumiraDx SARS‐ CoV‐2 Ag Test;Panel 1 V1;eligible;1;1;1;1;1;1;1;1;1;1;1;1;1;1;1;1;1;1;1;0;0;1;1;1;0;1;1;1;1;0;1;0;0;1;0;0;1;0;0;1;0;0;0;0;0;0;0;0;0;0;30
Affimedix;TestNOW® ‐ COVID‐19 Antigen;Panel 1 V1;eligible;1;1;1;1;1;1;1;1;1;1;1;1;1;1;1;1;1;1;1;1;0;1;1;1;1;1;1;0;1;0;0;0;0;1;0;0;0;0;0;1;0;0;0;0;0;0;0;0;0;0;29
MEDsan GmbH;MEDsan® SARS‐ CoV‐2 Antigen Rapid Test;Panel 1 V1;eligible;1;1;1;1;1;1;1;1;1;1;1;1;1;1;1;1;1;1;1;0;0;1;1;1;1;1;1;1;1;0;0;0;0;0;1;1;0;0;0;0;0;0;0;0;0;0;0;0;0;0;29
Mölab GmbH;mö‐screen Corona Antigen Test;Panel 1 V1;eligible;1;1;1;1;1;1;1;1;1;1;1;1;1;1;1;1;1;1;1;1;0;1;1;1;1;1;1;0;1;0;1;0;0;0;0;0;0;0;0;1;0;0;0;0;0;0;0;0;0;0;29
Hangzhou Clongene Biotech Co., Ltd.;Clungene COVID‐ 19 Antigen Rapid Test;Panel 1 V1;eligible;1;1;1;1;1;1;1;1;1;1;1;1;1;1;1;0;1;1;1;0;0;1;1;1;0;1;1;0;0;0;1;0;0;0;0;0;0;0;0;1;0;0;0;0;0;0;0;0;0;0;25
Fujirebio Inc. (Mast Diagnostica GmbH);ESPLINE® SARS‐ CoV‐2;Panel 1 V1;eligible;1;1;1;1;1;1;1;1;1;1;1;1;1;1;1;1;1;1;1;0;0;1;1;1;0;0;0;0;1;0;0;0;0;0;0;0;0;0;0;0;0;0;0;0;0;0;0;0;0;0;23
IVC Pragen Healthcare;GenBody COVID‐ 19 Ag;Panel 1 V1;eligible;1;1;1;1;1;1;1;1;1;1;1;1;1;1;1;0;1;1;1;0;0;1;1;1;0;1;0;0;1;0;0;0;0;0;0;0;0;0;0;0;0;0;0;0;0;0;0;0;0;0;23
SD BIOSENSOR (Roche Diagnostics GmbH);SARS‐CoV‐2 Rapid Antigen Test;Panel 1 V1;eligible;1;1;1;1;1;1;1;1;1;1;1;1;1;1;1;0;0;1;1;0;0;1;1;1;0;1;0;0;1;0;0;0;0;1;0;0;0;0;0;0;0;0;0;0;0;0;0;0;0;0;23
SD BIOSENSOR;STANDARDTM Q COVID‐19 Ag Test;Panel 1 V1;eligible;1;1;1;1;1;1;1;1;1;1;1;1;1;1;1;0;0;1;1;0;0;1;1;1;0;1;0;0;1;0;0;0;0;1;0;0;0;0;0;0;0;0;0;0;0;0;0;0;0;0;23
R‐Biopharm AG;RIDA® QUICK SARS CoV‐2 Antigen;Panel 1 V1;eligible;1;1;1;1;1;1;1;1;1;1;1;1;1;1;1;1;1;1;0;1;0;1;1;0;1;0;0;0;0;0;0;0;0;0;0;0;0;0;0;0;0;0;0;0;0;0;0;0;0;0;22
Hangzhou Laihe Biotech Co., Ltd. (Lissner Qi GmbH);Lyher Novel Coronavirus (COVID‐19) Antigen Test Kit (Colloidal Gold);Panel 1 V1;eligible;1;1;1;1;1;1;1;1;1;1;1;1;1;1;1;0;1;1;0;0;0;1;1;1;0;1;0;0;0;0;0;0;0;0;0;0;0;0;0;0;0;0;0;0;0;0;0;0;0;0;21
nal von minden GmbH;NADAL® COVID‐19 Ag Schnelltest;Panel 1 V1;eligible;1;1;1;1;1;1;1;1;1;1;1;1;1;0;1;0;1;0;0;0;0;0;1;0;1;1;0;0;0;0;0;0;0;0;0;0;0;0;0;0;0;0;0;0;0;0;0;0;0;0;18
Quidel Corporation;Sofia SARS Antigen FIA;Panel 1 V1;eligible;1;1;1;1;1;1;1;1;1;1;1;1;1;1;1;0;0;1;0;0;0;1;1;0;0;0;0;0;0;0;0;0;0;0;0;0;0;0;0;0;0;0;0;0;0;0;0;0;0;0;18
Becton Dickinson;BD VeritorTM System for Rapid Detection of SARS‐ CoV‐2;Panel 1 V1;eligible;1;1;1;1;1;1;1;1;1;1;0;1;1;1;1;0;0;1;0;0;0;1;1;0;0;0;0;0;0;0;0;0;0;0;0;0;0;0;0;0;0;0;0;0;0;0;0;0;0;0;17
Green Cross Medical Science Corp. (Weko Pharma GmbH);Genedia W Covid‐ 19 Ag;Panel 1 V1;eligible;1;1;1;1;1;1;1;1;1;1;1;1;1;1;1;0;0;0;0;0;0;1;1;0;0;0;0;0;0;0;0;0;0;0;0;0;0;0;0;0;0;0;0;0;0;0;0;0;0;0;17
Beijing Beier Bioengineering Co., Ltd.;Covid‐19 Antigen Schnelltest;Panel 1 V1;eligible;1;1;1;1;1;1;1;1;1;1;1;1;0;1;1;0;0;0;0;0;0;0;0;0;0;0;0;0;0;0;0;0;0;0;0;0;0;0;0;0;0;0;0;0;0;0;0;0;0;0;14
Servoprax;Cleartest Coronaantigen;Panel 1 V1;Not eligible;1;1;1;1;1;1;1;1;1;1;0;0;1;1;0;0;0;0;0;0;0;0;0;0;0;0;0;0;0;0;0;0;0;0;0;0;0;0;0;0;0;0;0;0;0;0;0;0;0;0;12
VivaChek Biotech (Hangzhou) Co,Ltd.;VivaDiag SARS‐ CoV‐2 Ag Rapid Test;Panel 1 V1;Not eligible;1;1;1;1;1;1;1;1;0;1;0;0;0;0;0;0;0;0;0;0;0;0;0;0;0;0;0;0;0;0;0;0;0;0;0;0;0;0;0;0;0;0;0;0;0;0;0;0;0;0;9
Coris Bioconcept;COVID‐19 Ag Respi Strip;Panel 1 V1;Not eligible;1;1;1;1;1;1;0;0;0;0;0;0;0;0;0;0;0;0;0;0;0;0;0;0;0;0;0;0;0;0;0;0;0;0;0;0;0;0;0;0;0;0;0;0;0;0;0;0;0;0;6
TaiDoc Technology Corp.;FORA COVID‐19 ANTIGEN RAPID TEST;Panel 1 V1;Not eligible;1;1;1;1;1;0;0;0;0;0;0;0;0;0;0;0;0;0;0;0;0;0;0;0;0;0;0;0;0;0;0;0;0;0;0;0;0;0;0;0;0;0;0;0;0;0;0;0;0;0;5
Acro Biotech Inc;Acro COVID‐19 Antigen Rapid Test;Panel 1 V1;Not eligible;1;0;0;0;0;0;0;0;0;1;0;0;1;0;0;0;0;0;0;0;0;0;0;0;0;0;0;0;0;0;0;0;0;0;0;0;0;0;0;0;0;0;0;0;0;0;0;0;0;0;3
Hangzhou AllTest Biotech Co. Ltd.;COVID‐19 AG AllTest;Panel 1 V1;Not eligible;1;0;0;1;1;0;0;0;0;0;0;0;0;0;0;0;0;0;0;0;0;0;0;0;0;0;0;0;0;0;0;0;0;0;0;0;0;0;0;0;0;0;0;0;0;0;0;0;0;0;3
Rapigen;Biocredit COVID‐ 19 Ag;Panel 1 V1;Not eligible;1;0;1;1;0;0;0;0;0;0;0;0;0;0;0;0;0;0;0;0;0;0;0;0;0;0;0;0;0;0;0;0;0;0;0;0;0;0;0;0;0;0;0;0;0;0;0;0;0;0;3
Unioninvest;Unibioscience COVID‐19 Rapid Antigen Test;Panel 1 V1;Not eligible;0;0;0;0;0;0;0;0;0;0;0;0;0;0;0;0;0;0;0;0;0;0;0;0;0;0;0;0;0;0;0;0;0;0;0;0;0;0;0;0;0;0;0;0;0;0;0;0;0;0;0
Shenzhen Lvshiyuan Biotechnology Co., Ltd.;Green Spring SARS CoV‐2 Antigen Rapid Test Kit (Colloidal Gold);Panel 1 V2;eligible;1;1;1;1;1;1;1;1;1;1;1;1;1;1;1;1;1;1;1;1;1;1;1;1;1;1;1;1;1;1;1;1;1;1;1;1;1;1;1;0;1;1;0;0;0;1;0;1;0;0;43
Toda Pharma;Toda Coronadiag Ag;Panel 1 V2;eligible;1;1;1;1;1;1;1;1;1;1;1;1;1;1;1;1;1;1;1;1;1;1;1;1;1;1;1;1;1;1;1;1;1;1;1;1;1;1;1;0;0;1;0;1;0;1;0;1;0;0;43
Shenzhen Watmind Medical Co.,Ltd.;SARS‐CoV‐2 Ag Diagnostic Test Kit (Colloidal Gold);Panel 1 V2;eligible;1;1;1;1;1;1;1;1;1;1;1;1;1;1;1;1;1;1;1;1;1;1;1;1;1;1;1;1;1;1;1;1;1;1;1;1;1;1;1;0;0;1;1;0;0;0;0;0;0;0;41
ulti med Products (Deutschland) GmbH;COVID‐19 Antigen Speicheltest (Immunochromato graphie);Panel 1 V2;eligible;1;1;1;1;1;1;1;1;1;1;1;1;1;1;1;1;1;1;1;1;1;1;1;1;1;1;1;1;1;1;1;1;1;1;1;1;1;1;1;0;0;0;1;0;0;1;0;0;0;0;41
AmonMed (Xiamen) Biotechnology Co.,Ltd.;COVID‐19 Antigen Rapid Test Kit (Colloidal Gold);Panel 1 V2;eligible;1;1;1;1;1;1;1;1;1;1;1;1;1;1;1;1;1;1;1;1;1;1;1;1;1;1;1;1;1;1;1;1;0;0;1;1;1;1;1;0;1;1;0;0;0;1;0;0;0;0;40
"Beijing Tigsun Diagnostics Co.;Ltd.";Tigsun COVID‐19 Saliva Antigen Rapid Test;Panel 1 V2;eligible;1;1;1;1;1;1;1;1;1;1;1;1;1;1;1;1;1;1;1;1;1;1;1;1;1;1;1;1;1;1;1;1;1;0;1;1;1;1;0;0;0;1;0;0;1;1;0;0;0;0;40
LumiQuick Diagnostics Inc.;QuickProfile Covid 19 Antigen Test Card;Panel 1 V2;eligible;1;1;1;1;1;1;1;1;1;1;1;1;1;1;1;1;1;1;1;1;1;1;1;1;1;1;1;1;1;1;1;1;1;0;1;0;1;1;1;1;1;0;0;0;0;0;1;0;0;0;40
New Gene (Hangzhou) Bioengineering Co., Ltd.;Covid‐19‐Antigen‐ Testkit;Panel 1 V2;eligible;1;1;1;1;1;1;1;1;1;1;1;1;1;1;1;1;1;1;1;1;1;1;1;1;1;1;1;1;1;1;1;1;1;0;1;0;1;1;1;0;0;0;1;0;0;0;1;0;0;0;39
ScheBo Biotech AG;ScheBo SARS‐CoV‐ 2 Quick Antigen;Panel 1 V2;eligible;1;1;1;1;1;1;1;1;1;1;1;1;1;1;1;1;1;1;1;1;1;1;1;1;1;1;1;1;1;1;1;1;1;1;1;0;1;1;1;0;0;0;0;1;0;0;0;0;0;0;39
Triplex International Biosciences (China) Co., Ltd.;SARS‐CoV‐2 Antigen Rapid Test Kit;Panel 1 V2;eligible;1;1;1;1;1;1;1;1;1;1;1;1;1;1;1;1;1;1;1;1;1;1;1;1;1;1;1;1;1;1;1;1;1;0;1;0;1;1;1;0;0;0;1;0;0;0;1;0;0;0;39
Getein Biotech, Inc.;One Step Test for SARS‐CoV‐2 Antigen (Colloidal Gold);Panel 1 V2;eligible;1;1;1;1;1;1;1;1;1;1;1;1;1;1;1;1;1;1;1;1;1;1;1;1;1;1;1;1;1;1;1;1;1;0;1;0;1;1;0;0;0;0;0;0;0;0;0;0;0;0;36
Merlin Biomedical (Xiamen) Co., Ltd.;SARS‐CoV‐2 Antigen Rapid Test Cassette;Panel 1 V2;eligible;1;1;1;1;1;1;1;1;1;1;1;1;1;1;1;1;1;1;1;1;1;1;1;1;1;1;1;1;1;1;1;1;1;0;1;0;1;1;0;0;0;0;0;0;0;0;0;0;0;0;36
Ameda Labordiagnostik GmbH;AMP Rapid Test SARS‐CoV‐2 Ag;Panel 1 V2;eligible;1;1;1;1;1;1;1;1;1;1;1;1;1;1;1;1;1;1;1;1;1;1;1;1;1;1;1;1;1;1;1;1;0;0;1;0;1;1;0;0;0;0;0;0;0;0;0;0;0;0;35
BioRepair GmbH;Covid 19 Antigen Schnelltest;Panel 1 V2;eligible;1;1;1;1;1;1;1;1;1;1;1;1;1;1;1;1;1;1;1;1;1;1;1;1;1;1;1;1;1;1;1;1;0;0;1;0;1;1;0;0;0;0;0;0;0;0;0;0;0;0;35
Hangzhou Lysun Biotechnology Co., Ltd.;Lysun COVID‐19 Antigen Rapid Test Device (Colloidal Gold);Panel 1 V2;eligible;1;1;1;1;1;1;1;1;1;1;1;1;1;1;1;1;1;1;1;1;1;1;1;1;1;1;1;1;1;1;1;1;0;0;1;0;1;1;0;0;0;0;0;0;0;0;0;0;0;0;35
Jiangsu Diagnostics Biotechnology Co., Ltd;COVID‐19 Antigen Rapid Test Cassette (Colloidal Gold);Panel 1 V2;eligible;1;1;1;1;1;1;1;1;1;1;1;1;1;1;1;1;1;1;1;1;1;1;1;1;1;1;1;1;1;1;1;1;0;0;1;0;1;1;0;0;0;0;0;0;0;0;0;0;0;0;35
Sugentech, Inc.;SGTi‐flex COVID‐ 19 Ag;Panel 1 V2;eligible;1;1;1;1;1;1;1;1;1;1;1;1;1;1;1;1;1;1;1;1;1;0;1;1;1;0;1;1;1;1;1;1;1;0;1;0;1;1;0;0;0;0;0;0;0;0;0;0;0;0;34
Wuhan EasyDiagnosis Biomedicine Co., Ltd;COVID‐19 (SARS‐ CoV‐2) Antigen Test Kit;Panel 1 V2;eligible;1;1;1;1;1;1;1;1;1;1;1;1;1;1;1;1;1;1;1;1;1;1;1;1;1;1;1;1;1;1;0;1;0;0;1;0;1;1;0;0;0;0;0;0;0;0;0;0;0;0;34
ASAN PHARM.CO.,LTD.;Asan Easy Test COVID‐19 Ag;Panel 1 V2;eligible;1;1;1;1;1;1;1;1;1;1;1;1;1;1;1;1;1;1;1;1;1;1;1;1;1;0;1;1;1;1;0;1;0;0;1;0;1;1;0;0;0;0;0;0;0;0;0;0;0;0;33
Lumigenex (Suzhou) Co., Ltd.;PocRoc SARS‐CoV‐ 2, Antigen Schnelltest Set (Kolloidales Gold);Panel 1 V2;eligible;1;1;1;1;1;1;1;1;1;1;1;1;1;1;1;1;1;1;1;1;1;0;1;1;1;1;1;1;0;1;0;1;0;0;1;0;1;1;0;0;0;0;0;0;0;0;0;0;0;0;32
ProGnosis Biotech;Rapid Test Ag 2019‐nCoV;Panel 1 V2;eligible;1;1;1;1;1;1;1;1;1;0;1;1;1;1;1;1;1;1;1;1;1;1;0;1;1;1;0;1;1;0;1;1;0;0;1;1;0;1;0;0;0;1;0;0;0;0;0;0;0;0;32
Atlas Link Technology Co.,Ltd.;Nova Test SARS‐ CoV‐2 Antigen Rapid Test Kit;Panel 1 V2;eligible;1;1;1;1;1;1;1;1;1;1;1;1;1;1;1;1;1;1;1;1;1;1;1;1;0;0;1;1;0;1;0;1;0;0;1;0;1;1;0;0;0;0;0;0;0;0;0;0;0;0;31
Chil Tibbi Mal. San. Tic. Ltd. Şti;COVID‐19 Antigen Schnell Test (Nasopharyngeal / Oropharyngeal Tupfer ‐ Kassette);Panel 1 V2;eligible;1;1;1;1;1;1;1;1;1;1;1;1;1;1;1;1;1;1;1;1;1;1;1;0;1;1;0;1;1;1;0;1;0;0;1;0;0;1;0;0;0;0;0;0;0;0;0;0;0;0;31
Safecare Biotech Hangzhou Co., Ltd.;Safecare COVID‐19 Ag Rapid Test Kit (Swab);Panel 1 V2;eligible;1;1;1;1;1;1;1;1;1;1;1;1;1;1;1;1;1;1;1;1;1;1;1;0;1;0;1;1;1;1;0;1;0;0;1;0;1;0;0;0;0;0;0;0;0;0;0;0;0;0;31
Shenzhen Watmind Medical Co.,Ltd.;SARS‐CoV‐2 Ag Diagnostic Test Kit (Immuno‐ fluorescence);Panel 1 V2;eligible;1;1;1;1;1;1;1;1;1;1;1;1;1;1;1;1;1;1;1;1;1;1;1;0;1;0;1;1;1;0;0;1;0;0;1;0;1;1;0;0;0;0;0;0;0;0;0;0;0;0;31
Nantong Diagnos Biotechnology Co., Ltd.;COVID‐19 Antigen Saliva Test Kit (Colloidal Gold);Panel 1 V2;eligible;1;1;1;1;1;1;1;1;1;1;1;1;1;1;1;1;1;1;1;1;1;1;1;0;1;0;1;0;1;0;0;1;0;0;1;0;1;1;0;0;0;0;0;0;0;0;0;0;0;0;30
Wuhan Life Origin Biotech Joint Stock Co., Ltd.;SARS‐CoV‐2 Antigen Assay Kit (Immunochromato graphy);Panel 1 V2;eligible;1;1;1;1;1;1;1;1;1;1;1;1;1;1;1;1;1;1;1;1;1;1;1;1;0;1;1;0;1;0;0;1;0;0;1;0;0;1;0;0;0;0;0;0;0;0;0;0;0;0;30
Anbio (Xiamen) Biotechnology Co., Ltd;Rapid Covid‐19 Antigen Test (Colloidal Gold );Panel 1 V2;eligible;1;1;1;1;1;1;1;1;1;1;1;1;1;1;1;1;1;1;1;1;1;0;1;1;0;0;1;1;1;0;0;1;0;0;1;0;0;1;0;0;0;0;0;0;0;0;0;0;0;0;29
AXIOM Gesellschaft für Diagnostica und Biochemica mbH;Axiom Diagnostics COVID‐19 Ag Schnelltest;Panel 1 V2;eligible;1;1;1;1;1;1;1;1;1;1;1;1;1;1;1;1;1;1;1;1;1;0;1;0;1;0;0;0;1;1;1;1;0;0;1;0;0;1;0;0;0;0;0;0;0;0;0;0;0;0;29
Genrui Biotech Inc.;Genrui SARS‐CoV‐ 2 Antigen Test Kit (Colloidal Gold);Panel 1 V2;eligible;1;1;1;1;1;1;1;1;1;1;1;1;1;1;0;1;1;1;1;1;1;1;1;0;0;1;1;0;0;1;0;1;1;N/A;1;N/A;0;1;0;0;0;0;0;0;0;0;0;0;0;0;29
PCL, Inc.;PCL COVID19 Ag Gold Saliva;Panel 1 V2;eligible;1;1;1;1;1;1;1;1;1;1;1;1;1;1;1;1;1;1;1;1;1;1;1;0;1;0;0;0;1;1;0;1;0;0;1;0;0;1;0;0;0;0;0;0;0;0;0;0;0;0;29
Shenzhen Microprofit Biotech Co., Ltd.;fluorecare COVID‐ 19 SARS‐CoV‐2 Spike Protein Test Kit (Colloidal Gold Chromatographic Immunoassay);Panel 1 V2;eligible;1;1;1;1;1;1;1;1;1;1;1;1;1;1;1;1;1;1;1;1;1;1;1;0;0;0;0;1;0;0;0;1;1;0;1;0;0;1;0;0;0;1;0;0;0;0;0;0;0;0;29
Beijing Hotgen Biotech Co., Ltd.;Neuartiges Coronavirus (2019 nCoV)‐Antigentest (Kolloidales Gold);Panel 1 V2;eligible;1;1;1;1;1;1;1;1;1;1;1;1;1;1;1;1;1;1;1;1;1;1;1;0;0;0;1;0;1;0;0;1;0;0;1;0;0;1;0;0;0;0;0;0;0;0;0;0;0;0;28
Hangzhou Testsea Biotechnology Co., Ltd;Testsealabs® Rapid Test Kit COVID‐19 Antigen Test Cassette;Panel 1 V2;eligible;1;1;1;1;1;1;1;1;1;1;1;1;1;1;1;1;1;1;1;1;1;0;1;0;0;0;1;0;1;1;0;1;0;0;1;0;0;1;0;0;0;0;0;0;0;0;0;0;0;0;28
DNA Diagnostic A/S.;Covid‐19 Antigen Detection Kit;Panel 1 V2;eligible;1;1;1;1;1;1;1;1;1;1;1;1;1;1;1;1;1;1;1;1;1;1;1;0;0;0;0;0;0;0;0;1;0;0;1;0;0;1;0;0;0;0;0;0;0;1;0;0;0;0;27
MP Biomedicals Germany GmbH;Rapid SARS‐CoV‐2 Antigen Test Card;Panel 1 V2;eligible;1;1;1;1;1;1;1;1;1;1;1;1;1;1;1;1;1;1;1;1;1;1;1;0;1;0;0;1;0;0;0;1;0;0;1;0;0;0;0;0;0;0;0;0;0;0;0;0;0;0;27
Qingdao Hightop Biotech Co., Ltd.;Hightop SARS‐CoV 2 (Covid‐19) Antigen Rapid Test;Panel 1 V2;eligible;1;1;1;1;1;1;1;1;1;1;1;1;1;1;1;1;1;1;1;1;1;0;1;0;0;0;1;0;0;1;0;1;0;0;1;0;0;1;0;0;0;0;0;0;0;0;0;0;0;0;27
Xiamen Boson Biotech Co., Ltd.;SARS‐CoV‐2 Antigen Schnelltest;Panel 1 V2;eligible;1;1;1;1;1;1;1;1;1;1;1;1;1;1;1;1;1;1;1;1;1;1;1;0;1;0;0;1;0;0;0;1;0;0;1;0;0;0;0;0;0;0;0;0;0;0;0;0;0;0;27
Anhui Deepblue Medical Technology Co., Ltd.;COVID‐19 (SARS CoV‐2) Antigen Test Kit (Colloidal Gold);Panel 1 V2;eligible;1;1;1;1;1;1;1;1;1;1;1;1;1;1;1;1;1;1;1;1;1;1;1;0;0;0;0;0;0;0;0;1;0;0;1;0;0;1;0;0;0;0;0;0;0;0;0;0;0;0;26
Edinburgh Genetics Limited;Edinburgh Genetics ActivXpress+ COVID‐19 Antigen Complete Testing Kit;Panel 1 V2;eligible;1;1;1;1;1;1;1;1;1;1;1;1;1;1;1;1;1;1;1;1;1;0;1;0;0;0;0;0;0;0;0;1;0;0;1;0;0;1;0;0;0;0;0;0;0;0;0;0;0;0;25
BIOMERICA Inc.;COVID‐19‐Antigen‐ Schnelltest (Nasopharyngeal‐ Abstrich);Panel 1 V2;eligible;1;1;1;1;1;1;1;1;1;1;1;1;1;1;1;1;1;1;1;1;1;0;0;0;1;0;0;0;0;0;0;0;0;0;1;0;0;1;0;0;0;0;0;0;0;0;0;0;0;0;24
Eurobio Scientific;EBS SARS‐CoV‐2 Ag Rapid Test;Panel 1 V2;eligible;1;1;1;1;1;1;1;1;1;1;1;1;1;1;0;1;1;1;0;1;1;0;1;0;1;1;0;0;0;0;0;0;0;0;1;0;0;1;0;0;0;0;0;0;0;0;0;0;0;0;24
Vitrosens Biyoteknoloji Ltd. Sti;RapidFor SARS‐ CoV‐2 Rapid Antigen Test Colloidal Gold;Panel 1 V2;eligible;1;1;1;1;1;1;1;1;1;1;1;1;1;1;1;1;1;1;0;1;1;0;1;0;0;0;0;0;0;0;0;1;0;0;1;0;0;1;0;0;0;0;0;0;0;0;0;0;0;0;24
Beijing Lepu Medical Technology Co., Ltd;SARS‐CoV‐2 Antigen Rapid Test Kit;Panel 1 V2;eligible;1;1;1;1;1;1;1;1;1;1;1;1;1;1;1;1;1;1;0;1;1;0;0;0;0;0;0;0;0;1;0;1;0;0;1;0;0;0;0;0;0;0;0;0;0;0;invalid;0;0;0;23
Oncosem Onkolojik Sistemler San. Ve Tic. A.S.;CAT Antigen Covid Rapid Test;Panel 1 V2;eligible;1;1;1;1;1;1;1;1;1;1;1;1;1;0;1;1;1;1;1;1;1;0;1;0;0;0;0;0;0;0;0;1;0;0;1;0;0;0;0;0;0;0;0;0;0;0;0;0;0;0;23
Zhejiang Anji Saianfu Biotech Co.,Ltd.;reOpenTest COVID 19 Antigen Rapid Test (Colloidal Gold);Panel 1 V2;eligible;1;1;1;1;1;1;1;1;1;1;1;1;1;1;0;1;1;1;0;1;1;0;1;0;0;0;1;0;0;0;0;1;0;0;1;0;0;0;0;0;0;0;0;0;0;0;0;0;0;0;23
Nanjing Norman Biological Technology Co.,Ltd;Novel Coronavirus (2019‐nCOV) Antigen Testing Kit (Colloidal Gold);Panel 1 V2;eligible;1;1;1;1;1;1;1;1;1;1;1;1;1;1;0;1;1;1;0;1;1;0;1;0;0;0;0;0;0;0;0;1;0;0;1;0;0;0;0;0;0;0;0;0;0;0;0;0;0;0;22
SGA Mühendislik DAN. EG. Icve DIS.Ltd.STI;V‐Chek SARS‐CoV‐ 2 Rapid Ag Test Kit (Collaidal Gold);Panel 1 V2;eligible;1;1;1;1;1;1;1;1;1;1;1;1;1;1;0;1;1;1;0;1;1;N/A;0;0;0;0;0;0;0;0;0;1;0;N/A;1;N/A;0;1;0;0;0;0;0;N/A;0;0;0;0;0;0;22
Core Technology Co., Ltd.;Canea COVID‐19 Antigen Schnelltest;Panel 1 V2;eligible;1;1;1;1;1;1;1;1;1;1;1;1;1;0;0;1;1;1;0;1;1;0;1;0;0;0;0;0;0;0;0;1;0;0;1;0;0;0;0;0;0;0;0;0;0;0;0;0;0;0;21
Jiangsu Medomics Medical Technology Co., Ltd;SARS‐CoV‐2‐ Antigen‐Testkit (LFIA);Panel 1 V2;eligible;1;1;1;1;1;1;1;1;1;1;1;1;1;1;0;1;1;0;0;1;1;0;0;0;0;0;0;0;0;0;0;1;0;0;1;0;0;1;0;0;0;0;0;0;0;0;0;0;0;0;21
Novatech Tibbi Cihaz Ürünleri San. Ve Tic. A.S.;novacheck®‐Ag SARS‐CoV‐2 Covid‐ 19 Antigen Rapid Test;Panel 1 V2;eligible;1;1;1;1;1;1;1;1;1;1;1;1;1;1;0;1;1;1;0;1;0;0;0;0;0;0;0;0;1;0;0;1;0;0;1;0;0;0;0;0;0;0;0;0;0;0;0;0;0;0;21
PerGrande BioTech Development Co., Ltd.;SARS‐CoV‐2 Antigen Detection Kit (Colloidal Gold Immuno‐ chromatographic Assay);Panel 1 V2;eligible;1;1;1;1;1;1;1;1;1;1;1;1;1;1;1;1;1;0;0;0;0;0;0;0;1;0;0;1;0;0;1;0;0;0;0;1;0;0;0;0;0;0;0;0;0;0;0;0;0;0;21
BTNX, Inc. (Biotrend Chemikalien GmbH);Rapid Response COVID‐19 Rapid Test Device;Panel 1 V2;eligible;1;1;1;1;1;1;1;1;1;1;1;1;1;0;1;1;1;0;0;1;0;0;0;0;0;0;0;1;0;0;1;0;0;0;0;0;0;0;0;0;0;0;0;0;0;1;0;0;0;0;20
Humasis Co., Ltd.;COVID‐19 Ag Test;Panel 1 V2;eligible;1;1;1;1;1;1;1;1;1;1;1;0;1;1;0;1;1;1;0;1;0;1;1;0;0;0;0;0;0;0;0;0;0;0;1;0;0;0;0;0;0;0;0;0;0;0;0;0;0;0;20
Labnovation Technologies, Inc.;Labnovation SARS‐ CoV‐2 Antigen Rapid Test Kit (Immunochromato graphy);Panel 1 V2;eligible;1;1;1;1;1;1;1;1;1;1;1;1;1;1;0;1;1;0;0;1;1;0;0;0;0;0;0;0;0;0;0;1;0;N/A;1;N/A;0;0;0;0;0;0;0;0;0;0;0;0;0;0;20
Zet Medikal Tekstil Dis Ticaret Ltd. STI.;softec SARS COV‐2 (Covid‐19) Antigen Test Kit;Panel 1 V2;eligible;1;1;1;1;0;1;1;1;1;1;1;1;0;1;N/A;1;1;1;1;1;0;N/A;0;invalid;1;0;0;0;0;0;0;1;0;N/A;N/A;N/A;0;0;0;0;invalid;0;0;N/A;invalid;invalid;0;0;1;invalid;20
Avalun;Ksmart® SARS‐ COV2 Antigen Rapid Test;Panel 1 V2;eligible;1;1;1;1;1;1;1;1;1;1;1;0;1;1;1;1;1;1;0;1;0;0;0;0;0;0;0;0;0;0;0;0;0;0;1;0;0;0;0;0;0;0;0;0;0;0;0;0;0;0;19
GenSure Biotech Inc.;GensureTM COVID 19 Antigen Rapid Test Kit;Panel 1 V2;eligible;1;1;1;1;1;1;1;1;1;1;1;1;1;1;0;1;1;1;0;1;0;0;0;0;0;0;0;0;0;0;0;0;0;0;1;0;0;0;0;0;0;0;0;0;0;0;0;0;0;0;19
Wuhan UNscience Biotechnology Co., Ltd.;SARS‐CoV‐2 Antigen Rapid Test Kit;Panel 1 V2;eligible;1;1;1;1;1;1;1;1;1;1;1;1;1;0;0;1;1;1;0;1;1;0;0;0;0;0;0;0;0;0;0;0;0;0;1;0;0;0;0;0;0;0;0;0;0;0;0;0;0;0;19
Aesku Diagnostics GmbH;Aesku Rapid SARS‐ CoV‐2 Rapid Test;Panel 1 V2;eligible;1;1;1;1;1;1;1;1;1;1;1;0;1;0;0;1;1;0;0;1;1;0;0;0;0;0;0;0;0;0;0;1;0;0;1;0;0;0;0;0;0;0;0;0;0;0;0;0;0;0;18
Azure Biotech Inc.;Dia Sure Covid‐19 Antigen Rapid Test Device (Nasopharyngeal/ Oropharyngeal Swab);Panel 1 V2;eligible;1;1;1;1;1;1;1;1;1;1;1;1;1;0;0;0;0;0;0;1;0;0;0;0;0;0;1;1;0;0;0;0;0;0;0;0;0;0;0;0;0;0;0;0;0;1;1;0;0;0;18
Hangzhou Immuno Biotech Co.,Ltd.;IMMUNOBIO SARS CoV‐2 Antigen‐ Schnelltest (COVID 19 Ag);Panel 1 V2;eligible;1;1;1;1;1;1;1;1;1;1;1;0;1;1;0;1;1;0;0;1;1;0;0;0;0;0;0;0;0;0;0;0;0;0;1;0;0;0;0;0;0;0;0;0;0;0;0;0;0;0;18
Xiamen WIZ Biotech Co., Ltd.;Wizbiotech SARS‐ CoV‐2 Antigen Rapid Test;Panel 1 V2;eligible;1;1;1;1;1;1;1;1;1;1;1;1;1;0;0;1;1;0;0;1;1;0;0;0;0;0;0;0;0;0;0;0;0;0;1;0;0;0;0;0;0;0;0;0;0;0;0;0;0;0;18
ACON Biotech (Hangzhou) Co., Ltd;Flowflex SARS‐CoV 2‐ Antigenschnelltest (Nasopharynxtupf er);Panel 1 V2;eligible;1;1;1;1;1;1;1;1;1;1;1;1;1;1;1;0;1;0;0;1;0;0;0;0;0;0;0;0;0;0;0;0;0;0;0;0;0;0;0;0;0;0;0;0;0;0;0;0;0;0;17
Guangdong Hecin Scientific,Inc.;2019‐nCoV Antigen Test Kit (colloidal gold method);Panel 1 V2;eligible;1;1;1;1;1;1;1;1;1;1;1;0;1;0;0;1;1;0;0;1;0;0;0;0;0;0;0;0;0;0;0;0;0;0;1;0;0;1;0;0;0;0;0;0;0;0;0;0;0;0;17
NanoEntek Inc.;FrendTM COVID-19 Ag;Panel 1 V2;eligible;1;1;1;1;1;1;1;1;1;1;1;1;1;0;0;1;1;0;0;1;0;0;0;0;0;0;0;0;0;0;0;0;0;0;1;0;0;0;0;0;0;0;0;0;0;0;0;0;0;0;17
Salofa OY;salocor SARS‐CoV‐ 2 Antigen Rapid Test Cassette (Nasopharyngeal swab);Panel 1 V2;eligible;1;1;1;1;1;1;1;1;1;1;1;0;1;0;0;1;1;1;0;1;0;0;0;0;0;0;0;0;0;0;0;0;0;N/A;1;0;0;0;0;0;0;0;0;0;0;0;0;0;0;0;17
Shenzhen Zhenrui Biotech co.Ltd.;Zhenrui COVID‐19 (SARS‐COV‐2) Antigen Test Kits;Panel 1 V2;eligible;1;1;1;1;1;1;1;1;1;1;1;1;1;0;0;1;0;1;0;1;0;0;0;0;0;0;0;0;0;0;0;0;0;0;1;0;0;0;0;0;0;0;0;0;0;0;0;0;0;0;17
Amazing Biotech (Shanghai) Co., Ltd;CoroVisio Covid‐ 19 Ag Versieglungsröhrc hen Teststreifen (Kolloidales Gold);Panel 1 V2;eligible;1;1;1;1;1;1;0;1;0;1;1;1;1;0;0;1;1;0;1;1;0;0;0;0;0;0;0;0;0;0;0;0;0;0;0;0;0;0;0;0;0;0;0;0;0;0;0;0;0;0;15
Guangzhou Wondfo Biotech Co. Ltd;Wondfo SARS‐CoV 2 Antigen Test (Lateral Flow Method);Panel 1 V2;eligible;1;1;1;1;1;1;1;1;1;1;1;1;1;1;0;1;0;0;0;0;0;0;0;0;0;0;0;0;0;0;0;0;0;0;0;0;0;0;0;0;0;0;0;0;0;0;0;0;0;0;15
Medicon Co., Ltd.;Trueline COVID‐19 Ag Rapid Test;Panel 1 V2;Not eligible;1;1;1;1;1;1;0;1;0;1;1;1;0;0;0;0;0;1;0;0;0;0;0;0;0;0;0;0;0;0;0;0;0;0;0;0;0;0;0;0;0;0;0;0;0;0;0;0;0;0;11
VivaChek Biotech (Hangzhou) Co,Ltd.;VivaDiag Pro SARS‐ CoV‐2 Ag Rapid Test;Panel 1 V2;Not eligible;1;1;1;1;1;1;1;1;1;0;1;0;1;0;0;0;0;0;0;0;0;0;0;0;0;0;0;0;0;0;0;0;0;0;0;0;0;0;0;0;0;0;0;0;0;0;0;0;0;0;11
Hangzhou Realy Tech Co., Ltd.;Novel Coronavirus (SARS‐Cov‐2) Antigen Rapid Test Cassette (swab);Panel 1 V2;Not eligible;1;1;1;1;1;1;1;1;0;0;1;0;1;0;0;0;0;0;0;0;0;0;0;0;0;0;0;0;0;0;0;0;0;0;0;0;0;0;0;0;0;0;0;0;0;0;0;0;0;0;10
Mexacare GmbH Heidelberg;COVID‐19 Antigen Schnelltest;Panel 1 V2;Not eligible;1;1;1;1;1;1;0;1;0;0;1;0;0;0;0;0;1;0;0;0;0;0;0;0;0;0;0;0;0;0;0;0;0;0;0;0;0;0;0;1;0;0;0;0;0;0;0;0;0;0;10
Hangzhou Genesis Biocontrol Co., Ltd;KaiBiLi COVID‐19 Antigen Rapid Test Device;Panel 1 V2;Not eligible;1;1;1;1;1;1;1;0;1;1;0;0;0;0;0;0;0;0;0;0;0;0;0;0;0;0;0;0;0;0;0;0;0;0;0;0;0;0;0;0;0;0;0;0;0;0;0;0;0;0;9
Inzek International Trading;Biozek medical COVID‐19 Antigen Rapid Test Cassette;Panel 1 V2;Not eligible;1;1;1;1;1;1;0;1;1;0;1;0;0;0;0;0;0;0;0;0;0;0;0;0;0;0;0;0;0;0;0;0;0;0;0;0;0;0;0;0;0;0;0;0;0;0;0;0;0;0;9
Joysbio (Tianjin) Biotechnology Co., Ltd.;Joysbio SARS‐CoV‐ 2 Antigen Rapid Test Kit (Colloidal Gold);Panel 1 V2;Not eligible;1;1;1;1;1;1;1;0;1;0;0;0;0;0;0;0;0;0;0;0;0;0;0;1;0;0;0;0;0;0;0;0;0;0;0;0;0;0;0;0;0;0;0;0;0;0;0;0;0;0;9
SureScreen Diagnostics Ltd;COVID‐19 Antigen Rapid Test Cassette;Panel 1 V2;Not eligible;1;1;1;1;1;1;1;1;1;0;0;0;0;0;0;0;0;0;0;0;0;0;0;0;0;0;0;0;0;0;0;0;0;0;0;0;0;0;0;0;0;0;0;0;0;0;0;0;0;0;9
W.H.P.M, Inc;First SIGN SARS‐ CoV‐2 Antigen Test;Panel 1 V2;Not eligible;1;1;1;1;1;1;0;0;1;0;1;0;0;0;0;0;0;0;0;0;0;0;0;0;0;0;0;0;0;0;0;0;0;0;0;0;0;0;0;0;0;0;0;0;0;0;0;0;0;0;8
nal von minden GmbH;dedicio Medical Test COVID‐19 Ag plus Test;Panel 1 V2;Not eligible;1;1;1;1;1;0;0;0;0;1;0;0;0;0;0;0;0;0;0;0;0;0;0;0;0;0;0;0;0;0;0;0;0;0;0;0;0;0;0;0;0;0;0;0;0;0;0;0;0;0;6
Certest Biotec S. L.;CerTest SARS‐CoV‐ 2;Panel 1 V2;Not eligible;1;1;0;1;1;1;0;0;0;0;0;0;0;0;0;0;0;0;0;0;0;0;0;0;0;0;0;0;0;0;0;0;0;0;0;0;0;0;0;0;0;0;0;0;0;0;0;0;0;0;5
Hangzhou Biotest Biotech Co., Ltd.;Lumiratek SARS‐ CoV‐2 Antigen Rapid Test Cassette;Panel 1 V2;Not eligible;1;1;1;1;1;0;0;0;0;0;0;0;0;0;0;0;0;0;0;0;0;0;0;0;0;0;0;0;0;0;0;0;0;0;0;0;0;0;0;0;0;0;0;0;0;0;0;0;0;0;5
Spring Healthcare Services SP zoo;SARS‐Cov‐2 Antigen Rapid Test Cassette (swab);Panel 1 V2;Not eligible;1;1;1;1;1;0;0;0;0;0;0;0;0;0;0;0;0;0;0;0;0;0;0;0;0;0;0;0;0;0;0;0;0;0;0;0;0;0;0;0;0;0;0;0;0;0;0;0;0;0;5
Aikang Diagnostics Co., Ltd.;SARS‐CoV‐2 Antigen Test Kit (Immunochromato graphy);Panel 1 V2;Not eligible;1;1;0;0;0;0;0;0;0;0;0;0;0;0;0;0;0;0;0;0;0;0;0;0;0;0;0;0;0;0;0;0;0;0;0;0;0;0;0;0;0;0;0;0;0;0;0;0;0;0;2
Xiamen Zhongsheng Langjie Biotechnology Co., Ltd;Covid‐19 Antigen Test Cassette;Panel 1 V2;Not eligible;1;1;0;0;0;0;0;0;0;0;0;0;0;0;0;0;0;0;0;0;0;0;0;0;0;0;0;0;0;0;0;0;0;0;0;0;0;0;0;0;0;0;0;0;0;0;0;0;0;0;2
Beijing Savant Biotechnology Co., Ltd;New Coronavirus (SARS‐CoV‐2) N Protein Detection Kit (Fluorescence Immunchromatogr aphy);Panel 1 V2;Not eligible;0;0;0;0;0;0;0;0;0;0;0;0;0;0;0;0;0;0;0;0;0;0;0;0;0;0;0;0;0;0;0;0;0;0;0;0;0;0;0;0;0;0;0;0;0;0;0;0;0;0;0
Joinstar Biomedical Technology Co., Ltd;COVID‐19 Antigen Rapid Test (Latex);Panel 1 V2;Not eligible; bgr; bgr; bgr; bgr; bgr; bgr; bgr; bgr; bgr; bgr; bgr; bgr; bgr; bgr; bgr; bgr; bgr; bgr; bgr; bgr; bgr; bgr; bgr; bgr; bgr; bgr; bgr; bgr; bgr; bgr; bgr; bgr; bgr; bgr; bgr; bgr; bgr; bgr; bgr; bgr; bgr; bgr; bgr; bgr; bgr; bgr; bgr; bgr; bgr; bgr;0
Lionex GmbH;Lionex COVID‐19 Ag Rapid Test;Panel 1 V2;Not eligible; bgr; bgr; bgr; bgr; bgr; bgr; bgr; bgr; bgr; bgr; bgr; bgr; bgr; bgr; bgr; bgr; bgr; bgr; bgr; bgr; bgr; bgr; bgr; bgr; bgr; bgr; bgr; bgr; bgr; bgr; bgr; bgr; bgr; bgr; bgr; bgr; bgr; bgr; bgr; bgr; bgr; bgr; bgr; bgr; bgr; bgr; bgr; bgr; bgr; bgr;0
;;;Sum V1;97.1 %;88.2 %;91.2 %;94.1 %;91.2 %;85.3 %;82.4 %;82.4 %;79.4 %;85.3 %;73.5 %;76.5 %;79.4 %;76.5 %;76.5 %;47.1 %;58.8 %;67.6 %;55.9 %;38.2 %;20.6 %;70.6 %;73.5 %;58.8 %;41.2 %;58.8 %;44.1 %;20.6 %;52.9 %;11.8 %;35.3 %;0.0 %;20.6 %;41.2 %;26.5 %;8.8 %;29.4 %;5.9 %;0.0 %;32.4 %;2.9 %;0.0 %;2.9 %;0.0 %;0.0 %;0.0 %;0.0 %;2.9 %;0.0 %;0.0 %;
;;;Sum V2;98.8 %;98.8 %;95.3 %;96.5 %;95.3 %;93.0 %;86.0 %;88.4 %;87.2 %;83.7 %;88.4 %;75.6 %;82.6 %;67.4 %;55.3 %;79.1 %;79.1 %;67.4 %;51.2 %;79.1 %;64.0 %;40.5 %;53.5 %;29.4 %;38.4 %;26.7 %;37.2 %;37.2 %;36.0 %;33.7 %;24.4 %;60.5 %;16.3 %;6.2 %;74.1 %;9.8 %;27.9 %;50.0 %;10.5 %;2.3 %;3.5 %;8.1 %;4.7 %;2.4 %;1.2 %;9.4 %;4.7 %;2.3 %;1.2 %;0.0 %;