Test-ID;Handelsname des Herstellers / Europ. Bevollmächtigten;Evaluierung PEI;Hersteller Name;Hersteller Stadt;Hersteller Land;EU Bevollmächtigter Name;EU Bevollmächtigter Stadt;EU Bevollmächtigter Land;Testort*;Sensitivität %;95%iges Vertrauensintervall (Sensitivität);Spezifität %;95%iges Vertrauensintervall (Spezifität);Liste Handelsnamen;Liste Deutscher Vertreiber
AT116/21;Panbio (TM) Covid-19 Ag Rapid Test Device (Nasal);Ja;Abbott Rapid Diagnostics Jena GmbH;Jena;DE;;;;POC (ohne Gerät);98,10;93,2 - 99,8;99,80;98,6 - 100;Panbio (TM) Covid-19 Ag Rapid Test Device (Nasal);Abbott Rapid Diagnostics Germany GmbH
AT005/20;Panbio™ COVID-19 Ag Rapid Test Device;Ja;Abbott Rapid Diagnostics Jena GmbH;Jena;DE;;;;POC (ohne Gerät);91,40;85,5 - 95,5;99,80;98,8 - 100;Panbio™ COVID-19 Ag Rapid Test Device;Abbott Rapid Diagnostics Germany GmbH
AT018/21;Cora Gentest-19;Nein;ABIOTEQ;Lügde;DE;;;;POC (ohne Gerät);98,70;96,25 - 99,56;99,80;99,27 - 99,95;Cora Gentest-19;Abioteq
AT084/21;ACCU-TELL SARS-CoV-2-Ag Cassette;Nein;AccuBioTech Co., Ltd.;Peking;CN;Medical Device Safety Service GmbH;Hannover;DE;POC (ohne Gerät);95,70;90,30 - 98,60;99,20;97,60 - 99,80;ACCU-TELL SARS-CoV-2-Ag Cassette;Praxisdienst GmbH & Co. KG
AT155/20;SARS-CoV-2-Antigenschnelltest;Ja;ACON Biotech (Hangzhou) Co., Ltd;District, Hangzhou;CN;MedNet GmbH;Muenster;DE;POC (ohne Gerät);96,90;92,8 - 98,9;99,50;98,1 - 99,9;Flowflex SARS CoV-2 Antigen Schnelltest, SARS-CoV-2-Antigenschnelltest;Gesundheit2000 F. Steege e.K.MePro GmbH
AT495/20;Swiss Point of Care SARS-CoV-2 Antigen Rapid Test;Nein;ACON Biotech (Hangzhou) Co., Ltd.;Hangzhou;CN;MedNet GmbH;Münster;DE;POC (ohne Gerät);96,90;92,8 - 98,9;99,50;98,1 - 99,9;Swiss Point of Care SARS-CoV-2 Antigen Rapid Test;Swiss Point of Care
AT503/20;SARS-CoV-2-Antigenschnelltest;Nein;ACON Laboratories, Inc.;San Diego;US;MDSS GmbH;Hannover;DE;POC (ohne Gerät);96,90;92,8 - 98,9;99,50;98,1 - 99,9;SARS-CoV-2-Antigenschnelltest;MePro GmbH
AT261/21;Flowflex SARS-CoV-2 Antigen Rapid Test;Ja;ACON Laboratories, Inc.;San Diego;US;MDSS GmbH;Hannover;DE;POC (ohne Gerät);97,10;93,1 - 98,9;99,50;98,2 - 99,9;Flowflex SARS-CoV-2 Antigen Rapid Test, Flowflex SARS-CoV-2 Antigen Rapid Test, Flowflex SARS-CoV-2 Antigen Rapid Test;MePro GmbHMePro GmbHMePro GmbH
AT594/21;FIAflex SARS-CoV-2 Antigen FIA;Nein;ACON Laboratories, Inc.;San Diego;US;MDSS GmbH;Hannover;DE;POC (mit Gerät);97,50;93,61 - 99,30;99,50;98,25 - 99,94;FIAflex SARS-CoV-2 Antigen FIA;MePro GmbH
AT283/21;Ritter® Easy Check SARS-CoV-2 Antigen Rapid Test;Ja;ACON Laboratories, Inc.;San Diego;US;MDSS GmbH;Hannover;DE;POC (mit Gerät);97,10;93,1 - 98,9;99,50;98,2 - 99,9;Ritter® Easy Check SARS-CoV-2 Antigen Rapid Test;Gesino GmbH
AT052/21;SARS CoV-2 Antigen RAPID Test Kit;Nein;ADS Biotec Inc.;Omaha;US;EU-UK Authorised Representative Ltd.;Belfast;GB;POC (ohne Gerät);97,12;92,80 - 99,21;99,60;97,79 - 99,99;SARS CoV-2 Antigen RAPID Test Kit;AlphaMetrix Biotech GmbH
AT363/20;AESKU.RAPID SARS-CoV-2;Ja;Aesku.Diagnostics GmbH & Co. KG;Wendelsheim;DE;;;;POC (ohne Gerät);96,00;91,00 - 99,00;98,00;95,00 - 99,00;AESKU.RAPID SARS-CoV-2;Cerascreen GmbH
AT181/21;TestNOW - COVID-19 Ag Test;Ja;Affimedix, Inc.;Hayward;US;QARAD BV;Geel;BE;POC (ohne Gerät);93,70;89,50 - 97,90;99,20;97,69 - 100,00;TestNOW - COVID-19 Ag Test;adico Joachim Hevler
AT469/20;SARS-CoV-2 Antigen Test Kit (Immunochromatography);Nein;Aikang Diagnostics Co., Ltd;Shenzhen,Guangdong;CN;MedNet EC-REP GmbH;Münster;DE;POC (ohne Gerät);97,31;93,84 - 99,12;99,75;98,61 - 99,99;SARS-CoV-2 Antigen Test Kit (Immunochromatography);
AT276/21;Corona Lollipop Schnelltest;Nein;Alltest Biotech Co.Ltd;Hongzhou, Zhejiang;CN;Lotus NL B.V.;The Hague;NL;POC (ohne Gerät);90,10;82,5 - 95,1;99,30;97,7 - 99,9;Corona Lollipop Schnelltest;RONO GmbH
AT303/20;CoroVisio COVID-19 AntiGen Schnelltest;Nein;Amazing Biotech (Shanghai) Co.,ltd;Shanghai;CN;Lotus NL B.V.;The Hague;NL;POC (ohne Gerät);82,78;74 - 89;97,34;93 - 99;CoroVisio COVID-19 AntiGen Schnelltest;Globi-Pharm GmbH & Co KG
AT033/20;AMP Rapid Test SARS-CoV-2 Ag;Ja;AMEDA Labordiagnostik GmbH;Graz;AT;;;;POC (ohne Gerät);97,30;90,0 - 99,8;100,00;96,6 - 100;AMP Rapid Test SARS-CoV-2 Ag;Dr. Lonsdorfer GmbH & Co. KG
AT246/21;COVID-19 Antigen Rapid Test Kit (Colloidal Gold);Ja;AmonMed (Xiamen) Biotechnology Co., Ltd.;Xiamen;CN;SUNGO Europe B.V.;Amsterdam;NL;POC (ohne Gerät);98,02;93,07 - 99,46;99,55;97,47 - 99,92;COVID-19 Antigen Rapid Test Kit (Colloidal Gold);Bold Sales GmbH
AT454/21;Rapid COVID-19 Antigen Test Saliva (Colloidal Gold );Nein;"Anbio (Xiamen) Biotechnology Co.; Ltd";Xiamen, Fujian;CN;Lotus NL B.V.;The Hague;NL;POC (ohne Gerät);99,27;98,2 - 99,8;100,00;97,1 - 100;Rapid COVID-19 Antigen Test Saliva (Colloidal Gold );PARI GmbH
AT147/20;Rapid COVID-19 Antigen Test (Colloidal Gold );Ja;Anbio (Xiamen) Biotechnology Co.,Ltd.;Xiamen;CN;Lotus NL B.V.;Gravenhage;NL;POC (ohne Gerät);96,36;87,47 - 99,56;100,00;96,19 - 100;Rapid COVID-19 Antigen Test (Colloidal Gold );Bold Sales GmbH
AT195/21;Anbio Rapid COVID-19 Antigen Test (Colloidal Gold);Ja;Anbio (Xiamen) Biotechnology Co.,Ltd.;Xiamen;CN;;;;POC (ohne Gerät);99,27;98,15 - 99,80;100,00;97,05 - 100,0;Anbio Rapid COVID-19 Antigen Test (Colloidal Gold), Rapid COVID-19 Antigen Test (Colloidal Gold);AMEYA GmbHInfiniti-Options GmbH
AT031/20;Covid-19 (SARS-CoV-2) Antigen Test (Colloidal Gold);Ja;Anhui Deepblue Medical Technology Co. Ltd.;Hefei, Anhui;CN;Luxus Lebenswelt GmbH;Willich;DE;POC (ohne Gerät);95,70;91,2 - 99,1;99,30;96,1 - 99,7;COVID-19 (SARS-CoV-2) Antigen Test Kit(Colloidal Gold), COVID-19 (Sars-CoV-2) Antigen test kit (Colloidal Gold), Covid-19 (SARS-CoV-2) Antigen Test (Colloidal Gold), Covid-19 Antigen Test;Dr. Grob Healthcar GmbHFa. CRYOFOS Medical GmbHKUM Consulting & Trading GmbHQuinn Healthcare
AT238/21;COVID-19 (SARS-CoV-2) Antigentestkit - Speichel;Ja;Anhui Deepblue Medical Technology Co. Ltd.;Hefei, Anhui;CN;Luxus Lebenswelt GmbH;Willich;DE;POC (ohne Gerät);97,10;90,8 - 98,2;99,80;94,4 - 99,9;COVID-19 (SARS-CoV-2) Antigen Test Kit (Colloidal Gold) - Savila, COVID-19 (SARS-CoV-2) Antigen Test Kit (Colloidal Gold) - Savila, COVID-19 (SARS-CoV-2) Antigentestkit - Speichel;KUM Consulting & Trading GmbHSt JakobsapothekeSupero GmbH
AT380/20;Deepblue;Ja;ANHUI DEEPBLUE MEDICAL TECHNOLOGY CO.,LTD.;Anhui;CN;Luxus Lebenswelt GmbH;Willich;DE;POC (ohne Gerät);96,40;90,80 - 98,20;99,80;94,40 - 99,90;Deepblue;Ellecom GmbH
AT104/21;HARDSON COVID-19 Antigen Schnelltest (Abstrich);Nein;Arbilim Biotechnology INC.;Istanbul;TR;-;-;;POC (ohne Gerät);97,74;97,67  - 97,80;99,45;99,42  - 99,47;HARDSON COVID-19 Antigen Schnelltest (Abstrich);STRACARE, Turgut Sertoglu
AT518/20;Artron COVID-19 Antigen Test;Nein;Artron Laboratories Inc.;Burnaby;CA;MedNet EC-REP GmbH;Münster;DE;POC (ohne Gerät);91,27;84,9 - 95,6;100,00;99,2 - 100;Artron COVID-19 Antigen Test, Artron COVID-19 Antigen Test;AT Technologies GmbHTUTMONDA UG (HB)
AT431/20;Asan Easy Test COVID-19 Ag;Ja;ASAN PHARM. CO., LTD.;Gyeonggi-do;KR;MT Promedt / Medical Technology Promedt Consulting GmbH;St. Ingbert;DE;POC (ohne Gerät);94,67;89,76 - 97,67;97,71;95,55 - 99,01;Asan Easy Test COVID-19 Ag;ARIES HEALTH  SOLUTIONS GmbH
AT080/21;Asan Easy Test Influenza/COVID-19 Ag Kombi;Nein;ASAN PHARM. CO., LTD.;Gyeonggi-do;KR;MT Promedt / Medical Technology Promedt Consulting GmbH;St. Ingbert;DE;POC (ohne Gerät);94,67;89,76 - 97,67;98,57;96,67 - 99,53;Asan Easy Test Influenza/COVID-19 Ag Kombi;ARIES HEALTH  SOLUTIONS GmbH
AT286/20;COVID -19 Antigen Rapid test Device;Nein;Assure Tech.(Hangzhou) Co.,Ltd.;Hangzhou;CN;UNIMAMA B.V;BADHOEVEDORP;NL;POC (ohne Gerät);80,20;73,9 - 85,3;100,00;97,7 - 100,0;COVID -19 Antigen Rapid test Device;O2O EurAsia GmbH
AT132/20;NOVA Test® SARS-CoV-2 Antigen Rapid Test Kit (Colloidal Gold Immunochromatography);Ja;Atlas-Link Technology (Bejing) Co., Ltd;Langfang City;CN;MT Promedt Consulting;St. Ingbert;DE;POC (ohne Gerät);97,60;91,7 - 99,3;99,20;97,4 - 99,8;NOVA Test® SARS-CoV-2 Antigen Rapid Test Kit (Colloidal Gold Immunochromatography);Servacon Austria
AT441/20;KSmart(R) SARS-CoV-2 AG;Nein;AVALUN;Grenoble;FR;;;;POC (mit Gerät);93,18;89,32-97,04;99,32;95,55-100;KSmart(R) SARS-CoV-2 AG;IMACO GmbH
AT194/21;COVID-19 Antigen Speichel Test;Nein;AXIOM Gesellschaft für Diagnostica und Biochemica mbH;Bürstadt;DE;;;;POC (ohne Gerät);98,10;95,49 - 100;99,33;98,02 - 100;COVID-19 Antigen Speichel Test;AXIOM Diagnostics
AT374/20;COVID-19 Antigen Schnelltest;Ja;AXIOM Gesellschaft für Diagnostica und Biochemica mbH;Bürstadt;DE;;;;POC (ohne Gerät);98,10;95,49 - 100,00;100,00;100,00 - 100,00;COVID-19 Antigen Schnelltest;AXIOM Diagnostics
AT061/20;Dia Sure COVID-19 Antigen Rapid Test Device;Ja;Azure Biotech,Inc;Houston,Texas;US;Lotus NL B.V.;The Hague;NL;POC (ohne Gerät);94,30;84,6 - 98,1;99,10;98,4 - 99,5;Dia Sure COVID-19 Antigen Rapid Test Device;NanoRepro AG
AT200/20;Veritor™ System For Rapid Detection of SARS-CoV-2;Ja;Becton, Dickinson and Company;Sparks, Maryland;US;Benex Limitted;Co. Dublin;IE;POC (mit Gerät);84,00;67 - 93;100,00;98 - 100;Veritor™ System For Rapid Detection of SARS-CoV-2;BD GmbH
AT074/20;COVID-19 Antigen Rapid Test Kit;Nein;Beijing Beier Bioengineering Co., Ltd.;Beijing;CN;MedNet EC-REP GmbH;Münster;DE;POC (ohne Gerät);96,50;93,7 - 99,3;99,70;99,0 - 100;COVID 19 Antigen rapid test, COVID-19 Antigen Rapid Test Kit, COVID-19 Antigen Rapid Test Kit, COVID-19 Antigen Rapid Test Kit, Covid-19 Antigen Rapid Test Kit;CHF Export Import GmbHHandelshaus Lerch e.k.High Lux International Trading GmbHPromotion Pets GmbHS2 Health GmbH
AT030/20;CORA CHECK-19;Ja;Beijing Hotgen Biotech Co., Ltd;Beijing;CN;MedNet GmbH;Münster;DE;POC (ohne Gerät);97,33;95,15 - 98,71;99,18;97,92 - 99,78;CORA CHECK-19;fameditec GmbH
AT095/21;Novel Coronavirus (2019-nCoV)-Antigentest   (Kolloidales Gold) - Speichel  Gebrauchsanweisung;Ja;Beijing Hotgen Biotech Co. Ltd;Beijing;CN;MedNet GmbH;Muenster;DE;POC (ohne Gerät);96,00;90,9 - 98,7;99,78;98,8 - 99,9;Corofix Antigen Spuck-Schnelltest, Coronavirus (2019-nCoV)-Antigentest - Speichel, Novel Coronavirus (2019-nCoV)-Antigentest   (Kolloidales Gold) - Speichel  Gebrauchsanweisung, Novel Coronavirus 2019-nCoV Antigen Test (Colloidal Gold) - Saliva, Novel Coronavirus 2019-nCoV Antigen Test (Colloidal Gold) - Saliva, Novel Coronavirus 2019-nCoV Antigen Test (Colloidal Gold) Saliva, Novel Coronavirus 2019-nCoV Antigen-Spucktest;Der Werbemarkt GmbHDr. Grob Healthcare GmbHFertig! GmbHHager & Werken GmbH & Co KGMaiMed GmbHPraxisdienst GmbH & Co. KGunizell Medicare GmbH
AT282/21;Novel Coronavirus (2019-nCoV)-Antigentest (Kolloidales Gold);Ja;Beijing Hotgen Biotech Co.,Ltd;Peking;CN;MedNet GmbH;Münster;;POC (ohne Gerät);95,37;89,62 - 98,01;99,13;95,24-99,85;Novel Coronavirus (2019-nCoV)-Antigentest (Kolloidales Gold);Dr. Grob Healthcare GmbH
AT055/20;Coronavirus 2019-nCoV Antigen Test;Ja;Beijing Hotgen Biotech Co.,Ltd;Peking;CN;MedNet GmbH;Münster;DE;POC (ohne Gerät);97,10;93,80 - 98,93;99,76;98,65 - 99,99;Coronavirus 2019-nCoV Antigen Test, Coronavirus 2019-nCoV Antigen Test, Neuartiges Coronavirus(2019-nCoV) Antigentest(KolloidalesGold), Novel Coronavirus 2019-nCoV Antigen Test, Novel Coronavirus 2019-nCoV Antigen Test, Novel Coronavirus 2019-nCoV Antigen Test, Novel Coronavirus 2019-nCoV Antigen Test (Colloidal Gold), Novel Coronavirus 2019-nCoV Antigen Test (Colloidal Gold), Novel Coronavirus 2019-nCoV Antigen Test (Colloidal Gold), Novel Coronavirus 2019-nCoV Antigen Test (Colloidal gold), Novel Coronavirus 2019-nCoV Antigen Test (Colloidal gold), Novel Coronavirus 2019-nCoV Antigen Test (Colloidal gold), Novel Coronavirus 2019-nCoV Antigen Test (Kolloidales Gold), Novel Coronavirus 2019-nCoV Antigen Test kit (Colloidal Gold ), VTM RINK Novel Coronavirus 2019-nCoV Antigen Schnelltest (Colloidal Gold);ABBCO Schlafsysteme GmbHALSCO Berufskleidungs-Service GmbHCareline GmbH & Co. KGDer Werbemarkt GmbHDetools GmbHDr. Grob HealthcareIgefa Handelsgesellschaft mbH & Co. KGMaiMed GmbHTextil One GmbHVT Medical by Vegan Travel UG (haftungsbeschraenkt)Weforyou GmbhZINNZ GmbHdeucin GmbHmr sanicom GmbHunizell Medicare GmbH
AT205/20;Jinwofu®(SARS-CoV-2) Antigen Rapid Test;Nein;Beijing Jinwofu Bioengineering Technology Co.,Ltd.;Beijing;CN;Osmunda Medical Technology Service GmbH;Potsdam;DE;;96,88;92,89 - 98,66;100,00;98,57 - 100;Jinwofu ( SARS-CoV-2) Antigen Rapid Test Kit, Jinwofu®(SARS-CoV-2) Antigen Rapid Test;KL GmbH
AT313/20;COVID-19 Antigen Rapid Test Kit(Colloidal Gold);Nein;BEIJING KEWEI CLINICAL DIAGNOSTIC REAGENT INC.;BEIJING;CN;Lotus NL B.V.;Den Haag;NL;;96,18;91,91 - 98,24;100,00;98,54 - 100;COVID-19 Antigen Rapid Test Kit(Colloidal Gold);GESINO GmbH
AT052/20;SARS-CoV-2 Antigen Rapid Test Kit (Colloidal Gold Immunochromatography);Ja;Beijing Lepu Medical Technology  Co.,  Ltd.;Beijing;CN;Lepu Medical (Europe) Cooperatief U.A.;Heerenveen;NL;POC (ohne Gerät);92,00;83,63 - 96,28;99,26;95,92 - 99,87;MPV ANTIGENSCHNELLTEST FAMILY SARS-CoV-2 1ER PACK (Kolloidale Gold-Immunochromatographie), SARS-CoV-2 Antigen Rapid Test Kit (Colloidal Gold Immunochromatography), SARS-CoV-2 Antigen Rapid Test Kit (Colloidal Gold Immunochromatography), SARS-CoV-2 Antigen Rapid test kit;BIOTREND Chemikalien GmbHBauer -KarlsruheMPV MEDICAL GmbHTemiz AVZ GmbH
AT064/20;SARS-CoV-2 Antigen Rapid Test Kit (Colloidal Gold Immunochromatography);Ja;Beijing Lepu Medical Technology  Co.,  Ltd.;Beijing;CN;Lepu Medical (Europe) Cooperatief U.A.;Heerenveen;NL;POC (ohne Gerät);92,00;83,63 - 96,28;99,26;95,92 - 99,87;Corofix Antigen Schnelltest, Lepu SARS-CoV-2 Antigen Rapid Test Kit, SARS CoV-2 Antigenschnelltest Kit (Kolloidal Goldimmunochromatographyie), SARS-CoV-2 Antigen Rapid Test, SARS-CoV-2 Antigen Rapid Test Kit, SARS-CoV-2 Antigen Rapid Test Kit, SARS-CoV-2 Antigen Rapid Test Kit, SARS-CoV-2 Antigen Rapid Test Kit (Colloidal Gold Immunochromatography), SARS-CoV-2 Antigen Rapid Test Kit (Colloidal Gold Immunochromatography), SARS-CoV-2 Antigen Rapid Test Kit (Colloidal Gold Immunochromatography), SARS-CoV-2 Antigen Rapid Test Kit (Colloidal Gold Immunochromatography), SARS-CoV-2 Antigen Rapid Test Kit (Colloidal Gold Immunochromatography), SARS-CoV-2 Antigen Rapid Test Kit (Colloidal Gold Immunochromatography), SARS-CoV-2 Antigen Rapid Test Kit (Colloidal GoldImmunochromatography), SARS-CoV-2 Antigen rapid test, SARS-CoV-2-Antigen-Schnelltestkit, SARS-CoV-2-Antigen-Schnelltestkit ( Kolloidale Gold-Immunochromatographie), SARS-CoV-2-Antigen-Schnelltestkit (Kolloidale Goldimmunochromatographie;Dentognostics GmbHDeutsche HansaGT GmbHDixion Vertrieb medizinischer Geräte GmbHEmotive Systems GmbHFa. CRYOFOS Medical GmbHFrohvogel Medizinprodukte UGHC Healthcare Consulting GmbHHager & Werken GmbH & Co KGI.T.S. Deutschland GmbHIcon Medlab GmbHImmunodiagnostic Systems Deutschland GmbHMedi-Manage Innovation GmbHNGMedical GmbHNeucomed Deutschland GmbHPCR-Lab-Products GbRPanther Med, OKM GmbHROBEX ENERGY SYSTEMS GmbHSaleoMed Medizintechnik GmbH
AT163/20;MPV Antigenschnelltest SARS-CoV-2 1er-Pack;Nein;Beijing Savant Biotechnology Co., Ltd.;Beijing;CN;Luxus Lebenswelt GmbH;Willich;DE;POC (mit Gerät);90,48;83,35 - 94,74;99,55;97,49 - 99,92;MPV Antigenschnelltest SARS-CoV-2 1er-Pack;MPV MEDICAL GmbH
AT122/21;Tigsun COVID-19 Speichel Antigen-Schnelltest;Ja;Beijing Tigsun Diagnostics Co. Ltd.;Beijing;CN;CMC Medical Devices & Drugs S.L.;Malaga;ES;POC (ohne Gerät);93,75;88,15 - 96,80;99,70;98,34 - 99,95;Tigsun COVID-19 Speichel Antigen-Schnelltest;SALUBRIS Handelsagentur Dr. Christian Hemerka
AT022/21;WANTAI SARS-CoV-2 Ag Rapid Test (FIA);Ja;BEIJING WANTAI BIOLOGICAL CO., LTD;Changping District, Beijing;CN;Qarad b.v.b.a.;Geel;BE;POC (mit Gerät);96,60;92,68 - 98,41;96,90;95,29 - 98,00;WANTAI SARS-CoV-2 Ag Rapid Test (FIA), WANTAI SARS-CoV-2 Ag Schnelltest (FIA);Detools GmbHSanbio BV
AT496/20;WANTAI SARS-CoV-2 Ag Rapid Test (Colloidal Gold);Nein;Beijing Wantai Biological Pharmacy Enterprise Co., Ltd;Beijing;CN;Qarad;Geel;BE;POC (ohne Gerät);96,10;92,19 - 98,10;98,30;96,89 - 99,13;WANTAI SARS-CoV-2 Ag Rapid Test (Colloidal Gold);HUMAN Gesellschaft für Biochemica und Diagnostica mbH
AT043/20;SARS-CoV-2 Antigen Rapid Test Kit;Nein;Biohit Healthcare (Hefei) Co., Ltd.;Hefei;CN;ScheBo Biotech AG;Gießen;DE;POC (ohne Gerät);96,77;88,83 - 99,61;98,94;96,21 - 99,87;SARS-CoV-2 Antigen Rapid Test Kit;ScheBo Biotech AG
AT172/21;SARS-CoV-2 Ag Rapid Test;Nein;BioMaxima S.A.;Lublin;PL;;;;POC (ohne Gerät);95,70;90,2 - 98,1;99,10;96,6 - 99,7;SARS-CoV-2 Ag Rapid Test;
AT007/21;BIOMERICA COVID-19 Antigen-Schnelltest / Nasopharyngeal-Abstrich;Ja;BIOMERICA Inc.;Irvine, California;US;MDSS GmbH;Hannover;DE;POC (ohne Gerät);94,70;89,8 - 97,7;99,70;98,1 - 99,9;BIOMERICA COVID-19 Antigen-Schnelltest / Nasopharyngeal-Abstrich;MICRO-MEDICAL Instrumente GmbH
AT014/20;NowCheck COVID-19 Ag Test;Ja;Bionote, Inc.;Hwaseong-si, Gyeonggi-do;KR;MT Promedt Consulting GmbH;St. Ingbert;DE;;89,20;81,7 - 93,9;97,60;95,1 - 98,8;NowCheck COVID-19 Ag Test;Concile GmbH
AT433/20;NowCheck COVID-19 Ag Test - Nasal Swab;Ja;BioNote Inc.;;KR;MT Promedt Consulting GmbH;St. Ingbert;DE;POC (ohne Gerät);89,20;81,70 - 93,90;97,30;94,80 - 98,60;NowCheck COVID-19 Ag Test - Nasal Swab;concile GmbH
AT025/20;BIOSYNEX COVID-19 Ag BSS;Ja;Biosynex Swiss SA;Freiburg;CH;;;;POC (ohne Gerät);96,00;93,6 - 98,4;100,00;100 - 100;BIOSYNEX COVID-19 Ag BSS, BIOSYNEX COVID-19 Ag BSS;Aidian Germany GmbHHirsch Apotheke OHG
AT349/21;SARS-CoV-2 Antigen Test Kit(colloidal gold method);Nein;BioTeke Corporation (Wuxi) Co.,Ltd;Wuxi;CN;SUNGO Europe B.V.;Amsterdam;NL;POC (ohne Gerät);96,49;91,26-99,04;99,28;97,43-99,91;SARS-CoV-2 Antigen Test Kit(colloidal gold method);KNJ-Team-Trading
AT162/20;BZ COVID-19 Ag Test (nasal swab);Nein;Biozentech Co., Ltd.;Seoul;KR;ATLAS BEAUTY sp.Zo.o;Poznan;PL;POC (ohne Gerät);95,00;91,00 - 97,58;99,30;97,61 - 99,92;BZ COVID-19 Ag Test (nasal swab);gurumB GmbH
AT050/20;ichroma™ COVI-19 Ag;Nein;Boditech Med Inc.;Chuncheon-si, Gang-won-do;KR;Obelis s.a;Brussels;BE;POC (mit Gerät);90,40;83,2 - 94,7;97,60;91,5 - 99,3;ichroma™ COVI-19 Ag;WS Laborbetriebsgesellschaft mbH
AT102/21;Rapid Response COVID-19 Antigen Rapid Test CE-IVD;Nein;BTNX, Inc.;Markham, Ontario;CA;MDSS GmbH;Hannover;DE;POC (ohne Gerät);90,60;84,5 - 94,9;100,00;98,53 - 100;Rapid Response COVID-19 Antigen Rapid Test CE-IVD;Biozol Diagnostica Vertrieb GmbH
AT020/20;Rapid Response COVID-19 Antigen Rapid Test Device;Ja;BTNX INC.;Ontario L3R 4G7;CA;MDSS GmbH;Hannover;DE;POC (ohne Gerät);94,55;83,93 - 98,58;100,00;97,1 - 100;COVID-19 Antigen Rapid Test Device, COVID-19 Antigen Rapid Test Device, Rapid Response COVID-19 Antigen Rapid Test Device, Rapid Response™COVID-19 Antigen Schnelltest;BIOTREND Chemikalien GmbHDiaSorin Deutschland GmbHHenry Schein Medical GmbHNanoRepro AG
AT051/20;SARS-CoV-2 Kassettenschnelltest inkl. pos. Kontrolle;Nein;CerTest Biotec S.L.;Zaragoza;ES;;;;POC (ohne Gerät);92,90;76,5 – 99,1;99,60;97,6 – 100,0;SARS-CoV-2 Kassettenschnelltest inkl. pos. Kontrolle;bestbion dx GmbH
AT289/20;SARS-CoV-2 + Flu A + B Triple Kassettenschnelltest inkl. Tupfer + pos. Kontrolle;Nein;CerTest Biotec S.L.;Zaragoza;ES;;;;POC (ohne Gerät);92,90;76,5 – 99,1;99,60;97,6 – 100,0;SARS-CoV-2 + Flu A + B Triple Kassettenschnelltest inkl. Tupfer + pos. Kontrolle;bestbion dx GmbH
AT087/20;SARS-CoV-2 +  Flu A + B + RSV Quad Kassettenschnelltest inkl. Tupfer + pos. Kontrolle;Nein;CerTest Biotec S.L.;Zaragoza;ES;;;;POC (ohne Gerät);92,90;76,5 – 99,1;99,60;97,6 – 100,0;SARS-CoV-2 +  Flu A + B + RSV Quad Kassettenschnelltest inkl. Tupfer + pos. Kontrolle;bestbion dx GmbH
AT337/20;COVID-19 Antigen Rapid Test (Nasopharyngeal / Oropharyngeal Swab-Casette)(POC);Nein;CHIL Tibbi Malzeme Sanayi Ticaret Ltd. Sti.;Izmir;TR;;;;POC (ohne Gerät);98,55;96,33 - 99,60;99,57;98,46 - 99,95;COVID-19 Antigen Rapid Test (Nasopharyngeal / Oropharyngeal Swab-Casette)(POC);
AT595/21;M&D 2019-nCoV Antigen Test Kit;Nein;Chongqing M&D Biotechnology Co. Ltd;Chongqing;CN;CMC Medical Devices & Drugs S.L.;Málaga;ES;POC (ohne Gerät);91,53;84,97 - 95,86;100,00;99,11 - 100,00;M&D 2019-nCoV Antigen Test Kit;NIC GmbH
AT133/20;Novegent Test® SARS-CoV-2 Antigen Rapid Test Kit (Colloidal Gold Immunochromatography);Nein;Chongqing Novegent Biotech Co., Ltd;Jiulongpo District, Chongqing;CN;CMC Medical Devices & Drugs S.L.;Malaga;ES;POC (ohne Gerät);98,31;90,91 - 99,96;99,18;95,52 - 99,98;Novegent Test® SARS-CoV-2 Antigen Rapid Test Kit (Colloidal Gold Immunochromatography);Servacon Austria
AT185/21;2019-nCoV Antigen Screen Test;Nein;Co-Innovation Biotech Co. Ltd;Guangzhou;CN;CMC Medical Devices & Drugs S.L;Málaga;ES;POC (ohne Gerät);92,20;86,8 - 95,5;99,10;97,9 - 99,6;2019-nCoV Antigen Screen Test;Salutis-Deutschland
AT409/20;One Step 2019-Novel Coronavirus (2019-nCoV) Antigen Test Cassette;Nein;Co-Innovation Biotech Co. Ltd;Guangzhou;CN;CMC Medical Devices & Drugs S.L;Málaga;ES;POC (ohne Gerät);96,40;91 - 98,6;99,20;97,8 - 99,7;One Step 2019-Novel Coronavirus (2019-nCoV) Antigen Test Cassette;SALUTIS-Deutschland
AT498/20;Convergys® COVID-19 Rapid Antigen Test;Nein;Convergent Technologies;Cölbe;DE;Lotus NL B. V.;The Hague;NL;POC (ohne Gerät);95,03;90,77 - 97,70;99,02;96,52 - 99,88;Convergys® COVID-19 Rapid Antigen Test;Convergent Technologies
AT321/21;Core tests® COVID-19 Ag Test;Ja;Core Technology Co. ltd;Beijing,;CN;Wellkang Ltd.;Derry;IE;POC (ohne Gerät);98,10;94,5 - 99,6;99,60;98,2 - 100;Core tests® COVID-19 Ag Test, The One COVID-19 Antigen Test;AXNAR GmbHRed One Healthcare GmbH + Co. KG
AT267/20;Canea Covid-19 Antigen Schnelltest;Ja;Core Technology Co.Ltd.;Beijing;CN;Well Kang Ltd. Enterprise Hub;Derry;IE;POC (ohne Gerät);97,50;91,26 - 99,70;100,00;95,98 - 100,00;Canea Covid-19 Antigen Schnelltest, Covid-19 Ag Test;Pharma-Peter GmbHPromotion Pets GmbH
AT323/21;Canea Covid-19 Antigen Lutsch- & Speicheltest;Ja;Core Technology Co.Ltd.;Beijing;CN;SUNGO Europe B.V.;Amsterdam;NL;POC (ohne Gerät);97,60;93,9 - 99,3;99,10;97,9 - 99,7;Canea Covid-19 Antigen Lutsch- & Speicheltest, Coretests® COVID-19 Saliva Ag Test, The One COVID-19 Antigen Lutsch- und Speicheltest;Canea Pharma Chemisch Pharmazeutische Vertriebsgesellschaft mbHPXG PharmaRed One Healthcare GmbH + Co. KG
AT390/21;OnSite COVID-19 Ag Rapid Test;Nein;CTK Biotech, Inc.;Poway;US;MDSS GmbH;Hannover;DE;POC (ohne Gerät);90,40;83,4 - 95,1;100,00;99,3 - 100;OnSite COVID-19 Ag Rapid Test;SSI Diagnostica A/S
AT096/20;DEDIATEST 2019-nCoV Antigen Rapid Test;Nein;Devidia GmbH;Weimar;DE;;;;;96,50;92,6 - 98,7;99,50;97,2 - 99,9;DEDIATEST 2019-nCoV Antigen Rapid Test;
AT058/20;DIAQUICK COVID-19 Ag Cassette;Ja;DIALAB GmbH;Wr. Neudorf;AT;;;;POC (ohne Gerät);97,30;90,45 - 99,67;100,00;97,72 - 100;DIAQUICK COVID-19 Ag Cassette;DiaLab GmbH, Labordiagnostik
AT101/20;LIAISON® SARS-CoV-2 Ag;Nein;DiaSorin SpA;Saluggia (Vercelli);IT;;;;Labor;97,10;85,5 - 99,5;100,00;96,7 - 100;LIAISON® SARS-CoV-2 Ag;DiaSorin Deutschland GmbH
AT085/21;Covid-19 Antigen Detection Kit;Nein;DNA Diagnostic A/S;Risskov;DK;;;;POC (mit Gerät);93,75;89,8 - 97,7;99,56;98,69 - 100,0;Covid-19 Antigen Detection Kit;Brunner.ident
AT609/21;Dynamiker SARS-CoV-2 Ag Rapid Test (Saliva);Nein;Dynamiker Biotechnology (Tianjin) Co., Ltd.;Tianjin;CN;Lotus NL B.V.;The Hague;NL;POC (ohne Gerät);92,98;86,76 - 96,4;99,07;96,69 - 99,75;Dynamiker SARS-CoV-2 Ag Rapid Test (Saliva);TECOmedical GmbH
AT342/21;Dynamiker SARS-CoV-2 Ag Rapid Test;Nein;Dynamiker Biotechnology (Tianjin) Co., Ltd.;Tianjin;CN;Lotus NL B.V.;The Hague;NL;POC (ohne Gerät);95,70;90,2 - 98,1;99,10;96,6 - 99,7;Dynamiker SARS-CoV-2 Ag Rapid Test;TECOmedical GmbH
AT032/20;Edinburgh Genetics ActivXpress+ COVID-19 Antigen Complete Testing Kit;Nein;Edinburgh Genetics Limited;Penicuik;GB;;;;;92,60;83 - 97,3;98,60;94,4 - 99,8;Edinburgh Genetics ActivXpress+ COVID-19 Antigen Complete Testing Kit;Andanza Int.
AT491/20;EBS SARS-CoV-2 Ag Rapid Test;Nein;Eurobio Scientific;Les Ulis;FR;;;;POC (ohne Gerät);95,70;90,2 - 98,1;99,10;96,60 - 99,70;EBS SARS-CoV-2 Ag Rapid Test;TECOmedical GmbH
AT173/21;CORA CHECK-19 comfort;Nein;fameditec GmbH;Düsseldorf;DE;;;;POC (ohne Gerät);92,90;87,89 - 96;99,58;97,39 - 99,99;CORA CHECK-19 comfort;fameditec GmbH
AT056/20;Lumipulse G SARS-CoV-2 Ag;Ja;Fujirebio Inc.;Shinjuku-ku,Tokyo;JP;Fujirebio Europe N.V.;Gent;BE;;91,70;74,2 - 97,7;97,30;94,8 - 98,6;Lumipulse G SARS-CoV-2 Ag;Fujirebio Germany GmbH
AT029/20;Espline SARS-CoV-2;Ja;Fujirebio Inc.;Shinjuku-ku, Tokyo;JP;Fujirebio Europe N.V.;Gent;BE;POC (ohne Gerät);80,60;69,1 - 88,6;100,00;96,3 - 100;Espline SARS-CoV-2;Mast Diagnostica GmbH
AT077/21;GA CoV-2 Antigen Rapid Test;Nein;GA Generic Assays GmbH;Dahlewitz / Berlin;DE;;;;POC (ohne Gerät);97,06;91,6 - 99,38;99,20;97,96 - 99,78;GA CoV-2 Antigen Rapid Test;GA Generic Assays GmbH
AT019/20;GenBody COVID-19 Ag;Ja;GenBody Inc.;Cheonan-si;KR;MT Promedt Consulting GmbH;Sankt ingbert;DE;;90,00;73,47 - 97,89;98,00;92,96 - 99,76;GenBody COVID-19 Ag, GenBody Influenza/COVID-19 Multi Ag Schnelltest, GenBody SARS-CoV-2 Antigen Schnelltest, GenBody SARS-CoV-2 Antigen Schnelltest;ASCANUS Pharma GmbHIVC Pragen GmbHMeridian Bioscience Europe SRLPreventor µTBC GmbH
AT059/20;GenBody Influenza/COVID-19 Ag Multi;Ja;GenBody Inc.;Seobuk-gu, Cheonan-si, Chungcheongnam;KR;MT Promedt Consulting GmbH;St.Ingbert;DE;POC (ohne Gerät);96,83;92,07 - 99,13;99,18;97,25 - 99,59;GenBody Influenza/COVID-19 Ag Multi, GenBody Influenza/COVID-19 Ag Multi, Influenza/COVID-19 Ag Multi;ASCANUS Pharma GmbHIVC Pragen GmbHMTG GmbH
AT494/21;SARS-CoV-2 Antigen Test Kit (Colloidal Gold);Ja;Genrui Biotech Inc.;Shenzhen;CN;Lotus NL B.V.;The Hague;NL;POC (ohne Gerät);95,03;90,77 - 97,70;99,02;96,52 - 99,88;SARS-CoV-2 Antigen Test Kit (Colloidal Gold);medienkraftwerk GmbH
AT111/20;SARS-CoV-2 Antigen Test Kit (Colloidal Gold);Ja;Genrui Biotech Inc.;Shenzhen;CN;Lotus NL B.V.;The Hague;NL;POC (ohne Gerät);95,03;90,77 - 97,70;99,02;96,52 - 99,88;SARS - CoV- 2 Antigen Test Kit (Colloidal Gold), SARS-CoV-2 Antigen Test Kit (Colloidal Gold), SARS-CoV-2 Antigen Test Kit (Colloidal Gold), SARS-CoV-2 Antigen Test Kit (Colloidal Gold), SARS-CoV-2 Antigen Test Kit (Colloidal Gold), SARS-CoV-2 Antigen Test Kit (Colloidal Gold);Detools GmbHDropshippers Germany, Ingo GrebeImuGeX GmbHTriPart-Logistic GmbHmedienkraftwerk GmbH
AT045/21;GenSure COVID-19 Antigen-Schnelltestkit;Nein;GenSure Biotec Inc.;Hebei;CN;OSMUNDA Medical Technology Service GmbH;Potsdam;DE;POC (ohne Gerät);96,86;93,29 - 98,84;100,00;98,97 - 100;GenSure COVID-19 Antigen-Schnelltestkit, GenSureTM COVID-19 Antigen-Schnelltestkit [Nasal/Saliva];Aidian Germany GmbHInfarct Protect AG
AT364/21;DIA-COVID-19 Antigen Saliva Rapid Test;Ja;GenSure Biotech Inc.,;Hebei;CN;OSMUNDA Medical Technology Service GmbH;Potsdam;DE;POC (ohne Gerät);96,73;92,54 - 98,93;100,00;98,38 - 100,0;DIA-COVID-19 Antigen Saliva Rapid Test;Diagenics Group SE
AT161/20;DIA-COVID COVID-19 Ag Rapid Test;Ja;GenSure Biotech Inc.,;Hebei;CN;OSMUNDA Medical Technology Service GmbH;Potsdam;DE;POC (ohne Gerät);96,86;93,29 - 98,84;100,00;98,97 - 100,00;DIA- COVID-19/Flu A/B Antigen Combo Rapid Test, DIA-COVID COVID-19 Ag Rapid Test, GenSureTM COVID-19 Antigen-Schnelltestkit;Diagenics Group SEDiagenics Group SEVEWA-Handelsgesellschaft m.b.H.
AT327/21;One Step Test for SARS-Cov-2 Antigen(Colloidal Gold);Nein;Getein Biotec, Inc.;Nanjing;CN;Lotus NL B.V.;Den Haag;NL;POC (ohne Gerät);97,06;93,30 - 98,74;98,71;96,73 - 99,50;;
AT166/20;One Step test SARS- CoV-2 Antigen ( Colloidal Gold );Nein;Getein Biotech, inc;Nanjing;CN;Lotus NL B.V;Den Haag;NL;POC (ohne Gerät);97,06;93,30 - 98,74;98,71;96,73 - 99,50;One Step Test for SARS CoV 2 Antigen (Colloidal Gold), One Step Test for SARS-Cov-2 Antigen(Colloidal Gold), One Step test SARS- CoV-2 Antigen ( Colloidal Gold );DOCTIME GmbHMediaConcepts GmbH Abteilung AsiaTrading-GroupTrendy Store GmbH
AT533/21;SARS-CoV-2 Antigen Kit (Colloidal Gold);Nein;Goldsite Diagnostics Inc.;Shenzhen;CN;CMC MEDICAL DEVICES & DRUGS, S.L.;Málaga;ES;POC (ohne Gerät);93,04;86,75 - 96,95;100,00;98,56 - 100,00;SARS-CoV-2 Antigen Kit (Colloidal Gold);
AT018/20;GENEDIA W COVID-19 Ag;Ja;Green Cross Medical Science Corp.;Geumwang-eup, Eumseong-gun;KR;MT Promedt Consulting GmbH;St. Ingbert;DE;POC (ohne Gerät);90,10;85,1 - 93,9;100,00;98,4 - 100;GENEDIA W COVID-19 Ag;
AT542/20;2019-nCoV Antigen-Testkit (kolloidale Goldmethode);Ja;Guangdong Hecin Scientific, Inc.;Guangzhou City;CN;SUNGO Europe B.V.;Amsterdam;NL;POC (ohne Gerät);96,60;92,24 - 98,89;99,07;96,68 - 99,89;2019-nCoV Antigen-Testkit (kolloidale Goldmethode);Stephana GmbH
AT215/21;2019-nCoV Ag Rapid Detection Kit (Immuno-Chromatography);Nein;Guangdong Longsee Biomedical Co., Ltd.;Guangzhou;CN;MedPath GmbH;München;DE;POC (mit Gerät);87,58;81,04 - 92,17;99,09;96,40 - 99,84;2019-nCoV Ag Rapid Detection Kit (Immuno-Chromatography);
AT086/20;Covid-19 AG Test Kit;Ja;Guangdong Wesail Biotech Co., Ltd.;Dongguan, Guangdong;CN;Lotus NL B.V;Gravenhagen;NL;POC (ohne Gerät);90,00;78,35 - 95,72;99,20;97,93 - 99,69;Covid-19 AG Test Kit;Bio-Gram Diagnostics GmbH
AT015/21;V-ChekTM 2019-nCoV Saliva Schnelltest;Nein;Guangzhou Decheng Biotechnology Co., LTD;Guangzhou;CN;Caretechion GmbH;Düsseldorf;DE;POC (ohne Gerät);95,65;90,22 - 98,13;98,44;94,48 - 99,57;V-ChekTM 2019-nCoV Saliva Schnelltest;PHARMADOC GmbH
AT232/20;V-Chek 2019-nCoV Ag Schnelltest;Nein;Guangzhou Decheng Biotechnology Co., LTD;Guangzhou;CN;Caretechion GmbH;Düsseldorf;DE;POC (ohne Gerät);96,67;88,64 - 99,08;99,50;97,22 - 99,91;V-Chek 2019-nCoV Ag Schnelltest;Pharmadoc
AT382/21;Dr. Starke 2019-nCov-Antigen-Test ( Lateral Flow Method ) Nasal Swab;Nein;Guangzhou Wondfo Biotech Co., Ltd;Guangzhou;CN;Qarad BV;Geel;BE;;97,83;93,78-99,55;99,08;96,73-99,89;Dr. Starke 2019-nCov-Antigen-Test ( Lateral Flow Method ) Nasal Swab, Lama 2019-nCov-Antigen-Test ( Lateral Flow Method ) Nasal Swab, Lifetec 2019-nCov-Antigen-Test ( Lateral Flow Method ) Nasal Swab;KL GmbHLama Licensing GmbHLifetec Electronics GmbH
AT125/20;Wondfo 2019-nCoV Antigen Test (Lateral Flow Method);Ja;Guangzhou Wondfo Biotech Co., Ltd;Guangzhou;CN;Qarad BV;Geel;BE;POC (ohne Gerät);96,18;94,11 - 97,54;99,72;98,45 - 99,95;2019-nCoV Antigen Test (Lateral Flow Method), Wondfo 2019 nCoV Antigen Test, Wondfo 2019-nCoV Antigen Test (Lateral Flow Method), Wondfo 2019-nCoV Antigen Test (Lateral Flow Method), Wondfo 2019-nCoV Antigen Test (Lateral Flow Method), Wondfo 2019-nCoV Antigen Test (Lateral-Flow-Methode), Wondfo 2019-nCoV-2 Antigentest (Lateral-Flow-Methode), Wondfo 2019-nCov Antigen Test (Lateral Flow Method), Wondfo 2019-nCov Antigen Test (Lateral Flow Method), Wondfo SARS-CoV-2 Antigen Test (Lateral Flow Method), Wondfo2019-nCoV Antigen Test (Lateral Flow Method);D&W The Motion Corporation GmbH & Co. KGHaemato Pharm GmbHKL GmbHKLT Health Trade GmbHLifetec Electronics GmbHLinus Handelshaus GmbHNeucomed Deutschland GmbHTRADEPAS GmbHmedienkraftwerk GmbHulti med Products (Deutschland) GmbH
AT258/21;2019-nCov-Antigen-Saliva/Sputum-Test;Nein;Guangzhou Wondfo Biotech Co., Ltd;Guangzhou;CN;Qarad BV;Geel;BE;;97,60;93,15-99,50;99,09;96,75-99,89;2019-nCov-Antigen-Saliva/Sputum-Test, 2019-nCov-Antigen-Saliva/Sputum-Test, Dr. Starke 2019- nCoV- Antigen- Saliva / Sputum Test, Lama 2019-nCov-Antigen-Saliva/Sputum-Test, Lama 2019-nCov-Antigen-Saliva/Sputum-Test;Biamed GmbHComtex GmbHGlobal Human Health&Care AGLama Licensing GmbHLifetec Electronics GmbH
AT568/21;COVID-19 Antigen Rapid Test Cassette(Nasal Swab);Nein;Hangzhou Biotest Biotech Co.,Ltd;Hangzhou, Zhejiang;CN;Shanghai International Holding Corp. GmbH (Europe);Hamburg;DE;POC (ohne Gerät);93,20;86,5 - 97,2;99,20;97,1 - 99,9;COVID-19 Antigen Rapid Test Cassette(Nasal Swab);Promeditech GmbH
AT086/21;COVID-19 Antigen Rapid Test Cassette(Saliva/Nasopharyngeal Swab);Nein;Hangzhou Biotest Biotech Co.,Ltd;Hangzhou, Zhejiang;CN;Shanghai International Holding Corp. GmbH (Europe);Hamburg;DE;POC (ohne Gerät);89,90;83,0 - 94,7;100,00;98,2 - 100,0;COVID-19 Antigen Rapid Test Cassette(Saliva/Nasopharyngeal Swab);ETH Wertstoffrecycling GmbH
AT003/21;COVID-19/Influenza A+B Antigen Combo Rapid Test;Ja;Hangzhou Clongene Biotech Co., Ltd.;Hangzhou;CN;Shanghai International Holding Corp. GmbH (Europe);Hamburg;DE;POC (ohne Gerät);97,70;93,5 - 99,2;99,80;98,8 - 100;CLUNGENE Covid-19-Antigen u. Influenza-Combo-Schnelltest, COVID-19 Antigen Rapid Test, COVID-19/Influenza A+B Antigen Combo Rapid Test, COVID-19/Influenza A+BAntigen Combo Rapid Test Cassette;AngelaQ GmbHPraxisdienst GmbH & Co. KGSolenal GmbHSundoc EU GmbH
AT526/21;CLUNGENE COVID-19 Antigen Rapid Test Cassette;Nein;Hangzhou Clongene Biotech Co., Ltd.;Hangzhou;CN;Shanghai International Holding Corp. GmbH (Europa);Hamburg;DE;POC (ohne Gerät);98,00;94,3 - 99,3;99,70;98,8 - 99,9;CLUNGENE COVID-19 Antigen Rapid Test Cassette, Clongene COVID-19 Antigen Rapid Test, Clongene COVID-19 Antigen Rapid Test;AAA Medical Services UGBalmung Medical Handel Deutschland GmbHHansaComex GmbH
AT079/20;COVID-19 Antigen Rapid Test;Ja;Hangzhou Clongene Biotech Co., Ltd.;Hangzhou;CN;Shanghai International Holding Corp.GmbH (Europe);Hamburg;DE;POC (ohne Gerät);98,50;91,8 - 99,7;100,00;98,2 - 100;CLUNGENE Covid-19 Antigen-Rapid Test, CLUNGENE Covid-19 Antigen-Rapid Test, CLUNGENE® COVID-19 Antigen Rapid Test, CLUNGENE® COVID-19 RAPID Antigen Schnelltest, COVID-19 Antigen Rapid Test, COVID-19 Antigen Rapid Test, COVID-19 Antigen Rapid Test, COVID-19 Antigen Rapid Test, COVID-19 Antigen Rapid Test, COVID-19 Antigen Rapid Test, COVID-19 Antigen Rapid Test, COVID-19 Antigen Rapid Test, COVID-19 Antigen Rapid Test, COVID-19 Antigen Rapid Test, COVID-19 Antigen Rapid Test, COVID-19 Antigen Rapid Test, COVID-19 Antigen Rapid Test, COVID-19 Antigen Rapid Test, COVID-19 Antigen Rapid Test, COVID-19 Antigen Rapid Test Cassette, COVID-19 Antigen Rapid Test Cassette, COVID-19 Antigen Rapid Test Cassette, COVID-19 Antigen Rapid Test Cassette, COVID-19 Antigen Rapid Test Cassette, COVID-19 Antigen Rapid Test Cassette, Clungene COVID-19 Antigen Rapid Test, Clungene Rapid Test, Clungene® COVID-19 Antigen Rapid Test, Clungene® Covid-19 Antigen Rapid Test;Alpha-Medics GmbHBIOTREND Chemikalien GmbHBauer -KarlsruheDH Mobility B.V.Der Werbemarkt GmbHDetools GmbHDeutsche HansaGT GmbHDixion Vertrieb medizinischer Geräte GmbHDunox GmbHEYBEL GmbHEmotive Systems GmbHEnkatex Workwear GmbHErwin Kowsky GmbH & Co. KGGESINO GmbHGesundheit2000 F. Steege e.K.Haemato Pharm GmbHPCR-Lab-Products GbRPraxisdienst GmbH & Co. KGPromo Trading GmbHS2 Health GmbHS2 Health GmbHSchloss Wendischbora GmbHSchreiner Elektronik GmbHSolenal GmbHSwissbrands GmbHWinlong GmbHmedienkraftwerk GmbHulti med Products (Deutschland) GmbH
AT373/21;COVID-19 Antigen Rapid Test Cassette (Nasal Swab);Ja;Hangzhou Clongene Biotech Co., Ltd.;Hangzhou;CN;Shanghai International Holding Corp. GmbH (Europe);Hamburg;DE;POC (ohne Gerät);91,40;85,9 - 94,9;99,40;98,1 - 99,8;COVID-19 Antigen Rapid Test, COVID-19 Antigen Rapid Test Casette (Nasal Swab), COVID-19 Antigen Rapid Test Cassette (Nasal Swab), COVID-19 Antigen Rapid Test Cassette (Nasal Swab), COVID-19 Antigen Rapid Test Cassette (Nasal Swab), COVID-19 Antigen Rapid Test Cassette (Nasal Swab), COVID-19 Antigen Rapid Test Cassette (Nasal Swab);Adooha GmbHAlpha-Medics GmbHDIWAMEDICAL H.M.S Handel-Marketing-Service GmbHDeutsche HansaGT GmbHNOC Pharma GmbHWinlong GmbHulti med Products (Deutschland) GmbH
AT114/21;COVID-19 Antigen Rapid Test Cassette (Saliva);Ja;Hangzhou Clongene Biotech Co., Ltd.;Hangzhou;CN;Shanghai International Holding Corp.GmbH (Europe);Hamburg;DE;POC (ohne Gerät);96,80;92,0 - 98,7;99,60;98,5 - 99,9;CLUNGENE COVID- 19 Antigen Rapid Test Cassette (Saliva), COVID-19 Antigen Rapid Test Cassette (Saliva), COVID-19 Antigen Rapid Test Cassette (Saliva), COVID-19 Antigen Rapid Test Cassette (Saliva), COVID-19 Antigen Rapid Test Cassette (Saliva), COVID-19 Antigen Rapid Test Cassette (Saliva);Adooha GmbHAngelaQ GmbHBestresources Europe GmbHDetools GmbHDunox GmbHPraxisdienst GmbH & Co. KG
AT150/21;Immunobio SARS-CoV-2 Antigen ANTERIOR NASAL Rapid Test Kit (minimal invasive);Ja;Hangzhou Immuno Biotech Co.,Ltd;Hangzhou;CN;Brand-New Trading GmbH;Tiefgraben;AT;POC (ohne Gerät);94,39;88,06~97,65;97,67;97,00~100,00;Immunobio SARS-CoV-2 Antigen ANTERIOR NASAL Rapid Test Kit (minimal invasive);Brand-New Trading GmbH
AT149/21;Immunobio SARS-CoV-2 Antigen SPUTUM Rapid Test Kit;Ja;Hangzhou Immuno Biotech Co.,Ltd;Hangzhou;CN;Brand-New Trading GmbH;Tiefgraben;AT;POC (ohne Gerät);91,06;84,55-95,08;98,67;94,96-99,94;Immunobio SARS-CoV-2 Antigen SPUTUM Rapid Test Kit;Brand-New Trading GmbH
AT228/20;SARS-CoV2 Antigen Rapid Test;Ja;Hangzhou Immuno Biotech Co.,Ltd;Hangzhou City;CN;Lotus NL B.V.;The Hague;NL;POC (ohne Gerät);95,60;88,89 - 98,63;100,00;98,78 - 100,00;SARS-CoV2 Antigen Rapid Test;Spreenic GmbH
AT011/20;Novel Coronavirus (COVID-19) Antigen Test Kit (Colloidal Gold);Ja;Hangzhou Laihe Biotech Co.,Ltd.;Hangzhou , Zhejiang Province;CN;SUNGO Europe B.V.;Amsterdam;NL;POC (ohne Gerät);96,16;93,93 - 97,75;99,70;98,92 - 99,96;Novel Coronavirus (COVID-19) Antigen Test Kit (Colloidal Gold);Lissner Qi GmbH
AT060/20;COVID-19 antigen Rapid Test Device (Colloidal Gold);Ja;Hangzhou Lysun Biotechnology Co., Ltd.;Hangzhou;CN;Lotus NL B.V;The Hague;NL;POC (mit Gerät);96,29;92,18 - 100;100,00;99,8 - 100;COVID-19 Antigen Rapid Test Device, COVID-19 antigen Rapid Test Device (Colloidal Gold);Biorepair GmbHWinlong GmbH
AT088/21;Heinzer Antigen Covid19 Spucktest Schnelltest;Nein;Hangzhou Realy Tech Co. Ltd.;Hangzhou;CN;Luxus Lebenswelt GmbH;Willich;DE;POC (mit Gerät);92,90;87,89 - 96,00;99,58;97,39 - 99,99;Coronavirus (SARS-Cov-2)  Antigen-Schnelltest (Speichel), Heinzer Antigen Covid19 Spucktest Schnelltest, Neuartiges Coronavirus (SARS-Cov-2) Antigen-Schnelltest (Speichel), Neuartiges Coronavirus (SARS-Cov-2) Antigen-Schnelltest (Speichel), Novel Coronavirus (SARS-CoV-2) Antigen Rapid Test Device (Saliva), Novel Coronavirus (SARS-Cov-2) Antigen Rapid Test Device (saliva), Novel Coronavirus (SARS-Cov-2) Antigen Rapid Test Device (saliva), Novel Coronavirus (SARS-Cov-2) Antigen Rapid Test Device (saliva), Novel Coronavirus (SARS-Cov-2) Antigen Rapid Test Device (saliva), Novel Coronavirus (SARS-Cov-2) Antigen Rapid Test device (saliva), Novel Coronavirus (SARS-Cov-2) Antigen Rapid Test device (saliva), REALY COVID-19 SPEICHEL ANTIGEN SCHNELLTEST, Realy Novel Coronavirus Antigen Rapid (saliva), blnk (SARS-CoV-2) Antigen Rapid Test (Saliva);Deutsche HansaGT GmbHDropshippers GermanyGeSino GmbHIMPORA GLOBAL GmbHInfiniti-Options GmbHKLT Health Trade GmbHKMU Zentrale GmbHMS Print Inh. Michael ScholzPOPLUX GmbHSinoma Europe GmbHSteppensohn Medicals / Pharmadrug International GmbHTREKSTOR GmbHWinlong GmbHZebra Invest Handelshaus UG (haftungsbeschränkt)
AT222/20;Novel Coronavirus (SARS-Cov-2) Antigen Rapid Test Cassette (swab);Nein;Hangzhou Realy Tech Co.,ltd;Hangzhou;CN;Luxus Lebenswelt GmbH;Willich;DE;POC (ohne Gerät);96,17;92,51 - 98,17;99,00;98,98 - 100;Novel Coronavirus (SARS-Cov-2) Antigen Rapid Test Cassette (swab);Zebra Invest Handelshaus UG (haftungsbeschränkt)
AT653/21;SARS-CoV-2 Antigen Rapid Test Cassette;Nein;Hangzhou Sejoy Electronics & Instruments Co., Ltd.;Hangzhou City;CN;Shanghai International Holding Corporation GmbH (Europe);Hamburg;DE;POC (ohne Gerät);95,76;90,39 - 98,61;99,38;98,20 - 99,87;SARS-CoV-2 Antigen Rapid Test Cassette, SARS-CoV-2 Antigen Rapid Test Cassette;Dittmann GmbHELOTEC Medizinprodukte
AT437/21;COVID-19 Test Kit (Colloidal Gold Method);Nein;Hangzhou Singclean Medical Products Co., Ltd.;Hangzhou, Zhejiang;CN;SUNGO Europe B.V.;Amsterdam;NL;POC (ohne Gerät);98,56;95,87 - 99,51;99,03;97,18 - 99,67;COVID-19 Test Kit (Colloidal Gold Method);Schloss Wendischbora GmbH
AT233/20;Testsealabs COVID-19 Antigen Test Cassette (Swab);Ja;Hangzhou Testsea Biotechnology Co. Ltd;Hangzhou;CN;Lotus NL B.V.;Gravenhage;NL;POC (ohne Gerät);92,10;87,7 - 93,9;98,10;95,14 - 99,44;Testsealabs COVID-19 Antigen Test Cassette (Swab), Testsealabs Covid-19 Antigen Schnelltest Kassette, Testsealabs Covid-19 Antigen Schnelltest Kassette (Abstrich);KL GmbHMTC GmbHmedienkraftwerk GmbH
AT375/21;Testsealabs Covid-19 Antigen Schnelltest Kassette (Saliva);Nein;Hangzhou Testsea Biotechnology Co. LTD;Juhang District, Hangzhou, China;CN;Lotus NL B.V.;Gravenhage;NL;POC (ohne Gerät);93,60;92,5 - 94,7;98,80;98,5 - 99,1;Testsealabs Covid-19 Antigen Schnelltest Kassette (Saliva);Brawa GmbH
AT082/20;Testsealabs Covid-19 Antigen Schnelltest Kassette;Ja;Hangzhou Testsea Biotechnology Co. LTD;Juhang District, Hangzhou, China;CN;Lotus NL B.V.;Gravenhage;NL;POC (ohne Gerät);97,60;94,9 - 100,0;98,40;96,9 - 99,9;Testsealabs Covid-19 Antigen Schnelltest Kassette, Testsealabs Covid-19 Antigen Schnelltest Kassette;Brawa GmbHGTRD GmbH
AT079/21;Coronavirus Ag Rapid Test Cassette (swab);Nein;Healgen Scientific Limited Liability Company;Houston;US;Shanghai International Holding Corp.;Hamburg;DE;POC (ohne Gerät);98,32;94,06 - 99,80;99,60;98,83 - 99,92;Coronavirus Ag Rapid Test Cassette (Swab), Coronavirus Ag Rapid Test Cassette (swab);Heallab GmbHQuinn Healthcare
AT001/20;Clinitest Rapid COVID-19 Antigentest - Coronavirus Ag Rapid Test Cassette (Swab);Ja;Healgen Scientific Limited Liability Company;Houston;US;Shanghai International Holding Corp. GmbH (Europe);;DE;POC (ohne Gerät);97,25;92,17 - 99,43;100,00;97,16 - 100;Clinitest Rapid COVID-19 Antigentest - Coronavirus Ag Rapid Test Cassette (Swab), Coronavirus Ag Rapid Test Cassette (Swab), Coronavirus Ag Rapid Test Cassette (Swab);A. Menarini DiagnosticsSiemens Healthcare GmbHTriPart Logistic GmbH
AT294/21;SARS-CoV-2 Antigen Test Kit (Colloidal Gold Method);Nein;Hubei Jinjian Biology Co.,Ltd;Xianning city;CN;Lotus NL B.V;The Hague;NL;POC (ohne Gerät);98,02;93,07 - 99,46;99,30;96,30 - 99,88;SARS-CoV-2 Antigen Test Kit (Colloidal Gold Method);CJST Med UG
AT083/20;Humasis COVID-19 Ag Test;Ja;Humasis Co,.Ltd.;Gyeonggi-do;KR;MT Promedt Consulting GmbH;St. Ingbert;DE;;95,50;90,0 - 98,1;100,00;98,0 - 100,0;Humasis COVID-19 Ag Test, Humasis COVID-19 Ag Test;GS Global Europe gmbhgoodscare GmbH
AT411/20;One Step 2019-Novel Coronavirus (2019-nCoV) Antigen Test;Nein;iDUN Solutions LLC;Walnut, California;US;Qarad EC-REP BV;Geel;BE;POC (ohne Gerät);96,40;91,0 - 98,6;99,20;97,8 - 99,7;One Step 2019-Novel Coronavirus (2019-nCoV) Antigen Test;SALUTIS-Deutschland
AT533/20;PreventID® SARS-CoV-2-Antigen;Nein;Immundiagnostik AG;Bensheim;DE;;;;POC (ohne Gerät);93,70;89,50 - 97,90;99,20;97,69 - 100;PreventID® SARS-CoV-2-Antigen;Preventis GmbH
AT247/21;INVBIO SARS-CoV-2 Antigen Rapid Test (Saliva);Nein;Innovation Biotech (Beijing) Co. LTD;Beijing;CN;Lotus NL B.V.;The Hague;NL;POC (mit Gerät);95,60;93,79 - 98,66;99,99;97,12 - 100,00;INVBIO SARS-CoV-2 Antigen Rapid Test (Saliva);Ysion UG
AT574/21;Rapid SARS-CoV-2 Antigen Test;Nein;InTec PRODUCTS, INC.;Xiamen;CN;Qarad BV;Geel;BE;POC (ohne Gerät);93,10;86,40 - 96,60;100,00;98,70 - 100,00;Rapid SARS-CoV-2 Antigen Test, Rapid SARS-CoV-2 Antigen Test;ProDiag B.V.Yücel Trading GmbH
AT231/20;COVID-19 Antigen Rapid Test Kit (Colloidal Gold);Nein;Jiangsu Konsung Bio-Medical Science And Technology Co., Ltd.;Danyang , Jiangsu Province;CN;Shanghai International Holding Corporation GmbH (Europe);Hamburg;DE;POC (ohne Gerät);96,30;91,57 - 98,79;99,34;98,70 - 99,71;COVID-19 Antigen Rapid Test Kit (Colloidal Gold);NYKS Company
AT267/21;COVID-19 Salivary Antigen Rapid Test Kit(Colloidal Gold);Nein;Jiangsu Konsung Bio-Medical Science And Technology Co., Ltd.;Danyang , Jiangsu Province;CN;Shanghai International Holding Corporation GmbH (Europe);Hamburg;DE;POC (ohne Gerät);96,30;91,57 - 98,79;99,34;98,70 - 99,71;COVID-19 Salivary Antigen Rapid Test Kit(Colloidal Gold), Covid-19 Salivary Antigen Rapid Test Kit (Colloidal Gold);Swissbrands GmbH
AT329/21;COVID-19 Salivary Antigen Rapid Test Kit (Colloidal Gold);Nein;Jiangsu Konsung Bio-Medical Science And Technology Co.,Ltd.;Danyang;CN;Shanghai International Holding Corporation GmbH (Europe);Hamburg;DE;POC (ohne Gerät);96,30;91,57 - 98,79;99,34;98,7 - 99,71;COVID-19 Salivary Antigen Rapid Test Kit (Colloidal Gold);Detools GmbH
AT244/20;SARS-CoV-2 antigen Test Kit (LFIA);Nein;Jiangsu Medomics medical technology Co.,Ltd;Nan Jing;CN;R Sight B.V.;Eindhoven;NL;POC (ohne Gerät);96,64;91,62 - 99,08;99,10;96,77 - 99,89;SARS-CoV-2 antigen Test Kit (LFIA);Yiwu Commodity City GmbH
AT509/20;COVID-19-Antigen-Schnelltestkit (kolloidales Gold);Nein;Jiangsu Shurui Biologische Technologie Co., Ltd.;Taizhou;CN;CMC Medical Devices&Drugs S.L.;málaga;ES;POC (ohne Gerät);98,74;96,36 - 99,57;100,00;99,13 - 100;COVID-19-Antigen-Schnelltestkit (kolloidales Gold);ALIC Deutschland GmbH
AT305/21;COVID-19 / Influenza A + B Antigen Combo Schnelltestkassette  (Speichel)Kolloidales Gold;Nein;JiangsuDiagnosticsBiotechnologyCo.,Ltd.;Taizhou;CN;CMC Medical Devices&Drugs S.L.;málaga;ES;POC (ohne Gerät);97,45;93,63-99;100,00;96,4-100;COVID-19 / Influenza A + B Antigen Combo Schnelltestkassette  (Speichel)Kolloidales Gold;ALIC Deutschland GmbH
AT418/20;COVID-19-Antigen-Schnelltestkit (kolloidales Gold);Nein;JiangsuDiagnosticsBiotechnologyCo.,Ltd.;Taizhou;CN;CMC Medical Devices&Drugs S.L.;málaga;ES;POC (ohne Gerät);97,58;95,6 - 98,68;100,00;98,18 - 100;COVID-19-Antigen-Schnelltestkit (kolloidales Gold);ALIC Deutschland GmbH
AT303/21;COVID-19 Antigen Schnelltest Kassette (Speichel);Nein;JiangsuDiagnosticsBiotechnologyCo.,Ltd.;Taizhou;CN;CMC Medical Devices&Drugs S.L.;málaga;ES;POC (ohne Gerät);97,26;93,17-98,93;100,00;97,21-100;COVID-19 Antigen Schnelltest Kassette (Speichel);ALIC Deutschland GmbH
AT236/20;Covid-19 Antigen Schnelltest (Colloidales Gold);Ja;Joinstar Biomedical Technology Co., Ltd;Hangzhou;CN;Lotus NL B.V.;The Hague;NL;POC (ohne Gerät);96,10;88,9 - 99,2;98,10;95,3 - 99,5;COVID-19-Antigen-Schnelltest (kollodiales Gold), Covid-19 Antigen Schnelltest (Colloidales Gold);Alpstar Beteiligungs GmbHcare impuls Vertriebs GmbH
AT527/20;COVID-19 Speichel Antigen Rapid Test;Nein;Joysbio Biotechnology Co., Ltd;Tianjin;CN;Lotus NL. B.V.;The Hague;NL;;95,10;88,9 - 98,4;100,00;98,6 - 100;COVID-19 Speichel Antigen Rapid Test, COVID-19 Speichel Antigen Rapid Test, JOYSBIO COVID-19 SPEICHEL ANTIGEN SCHNELLTEST, Ritter Easy Check Spucktest SARS-CoV-2 Antigen Rapid Test Kit (Colloidal Gold), SARS-COV-2 Speichel Antigen Rapid Test Kit, SARS-CoV-2 Antigen Rapid Test Kit (Colloidal Gold)  - Speicheltest, SARS-CoV-2 Antigen Saliva Rapid Test Kit, SARS-CoV-2 Antigen Saliva Rapid Test Kit, SARS-CoV-2-Antigen-Schnelltestkit (Kolloidales Gold);Alpha-Medics GmbHDeutsche HansaGT GmbHDr. Grob Healthcare GmbHEmotive Systems GmbHEybel GmbHGESINO GmbHKFMS GmbHMP Med GmbHMediMode GmbH
AT099/20;COVID-19 Antigen Rapid Test Strip;Nein;Koch Biotechnology (Beijing) Co., Ltd.;Beijing;CN;Wellkang Ltd.;Dover;GB;POC (ohne Gerät);98,50;97,2 - 99,8;99,30;98,5 - 100;COVID-19 Antigen Rapid Test Strip;enverque GmbH
AT487/21;KOCH Biotechnology Covid-19 Antigen Schnelltest Kit;Nein;KOCH Biotechnology (Beijing) Co., Ltd.;Beijing;CN;CARETECHION GmbH;Düsseldorf;DE;POC (ohne Gerät);98,50;97,2 - 99,80;99,30;98,50 - 100;KOCH Biotechnology Covid-19 Antigen Schnelltest Kit;enverque GmbH
AT127/20;LABNOVATION SARS-CoV-2 Antigen Schnelltest;Ja;LABNOVATION TECHNOLOGIES, INC.;Guangming District,Shenzhen;CN;MedNet EC-Rep GmbH;Münster;DE;POC (ohne Gerät);96,30;89,4 - 99,22;97,30;94,81 - 98,84;LABNOVATION SARS-CoV-2 Antigen Schnelltest;NanoRepro AG
AT455/20;PocRoc ® SARS-CoV-2 Antigen Schnellnachweiskit (Gold kolloidal);Ja;Lumigenex (Suzhou) Co., Ltd.;Suzhou;CN;Riomavix S.L.;Madrid;ES;POC (ohne Gerät);93,33;86,27 - 97,05;99,16;96,68 - 99,85;PocRoc ® SARS-CoV-2 Antigen Schnellnachweiskit (Gold kolloidal);Siegmund Care GmbH
AT151/20;QuickProfile COVID-19 Antigen Test Card;Ja;LumiQuick Diagnostics Inc.;CA;US;Lotus NL B.V.;;NL;POC (ohne Gerät);93,70;89,5 - 97,9;98,80;96,5 - 99,99;QuickProfile COVID-19 Antigen Test Card, QuickProfile COVID-19 Antigen Test Card, QuickProfile Covid-19 Antigen Test;Catus Biotech GmbHHölzel Diagnostika Handels GmbHMedipro medizinische diagnostische produkte gmbh
AT075/20;LumiraDx SARS-CoV-2 Ag Test;Ja;LumiraDx UK Ltd.;Alloa, Stirling;GB;LumiraDx AB;Solna;SE;POC (mit Gerät);93,80;89,2 - 96,5;98,80;97,6 - 99,4;LumiraDx SARS-CoV-2 Ag Test;Lumiradx GmbH
AT284/20;VivaDiag Wellion SARS CoV-2 Antigen Schnelltest;Nein;MED TRUST Handelsges.m.b.H.;Marz;AT;Lotus NL B.V.;The Hague;NL;POC (ohne Gerät);95,65;90,22 - 98,13;99,99;98,63 - 100;VivaDiag Wellion SARS CoV-2 Antigen Schnelltest;MED TRUST GmbH.
AT541/20;"	@Sight COVID-19 Antigen Test Kit";Nein;Mediclone Biotech Pvt. Ltd.;Chennai, Tamil Nadu;IN;HÄLSA Pharma GmbH;Lübeck;DE;POC (ohne Gerät);95,60;94,31-96,67;99,00;98,27-99,49;"	@Sight COVID-19 Antigen Test Kit";GOSC GmbH
AT479/20;BioCheck;Nein;Medicon Co.,Ltd.;Hanoi;VN;CMC Medical Devices & Drugs, S.L.;Malaga;ES;POC (ohne Gerät);96,52;91,40 - 98,64;100,00;97,74 - 100,00;BioCheck;meVita-Berlin GmbH
AT082/21;MEDsan® SARS-CoV-2 Ag Duo;Nein;MEDsan GmbH;Hamburg;DE;;;;POC (ohne Gerät);96,70;91,7 - 98,7;100,00;99,2 - 100;MEDsan® SARS-CoV-2 Ag Duo;
AT028/20;MEDsan® Multiplex (SC2 & Flu A/B) Rapid Test;Ja;MEDsan GmbH;Hamburg;DE;;;;POC (ohne Gerät);92,50;86,4 - 96,0;99,80;98,9 - 100;MEDsan® Multiplex (SC2 & Flu A/B) Rapid Test;
AT012/20;MEDsan® SARS-CoV-2 Antigen Rapid Test;Ja;MEDsan GmbH;Hamburg;DE;;;;POC (ohne Gerät);92,50;86,4 - 96,0;99,80;98,9 - 100;MEDsan® SARS-CoV-2 Antigen Rapid Test;
AT214/20;SARS-CoV-2 Antigen Rapid Test Cassette (Colloidal Gold);Nein;Merlin Biomedical (Xiamen) Co., Ltd.;Xiamen;CN;Qarad EC-REP BV;Geel;BE;POC (ohne Gerät);95,05;88,93 - 97,87;98,99;94,50 - 99,82;SARS-CoV-2 Antigen Rapid Test Cassette (Colloidal Gold);EightPlus Kft
AT500/21;COVID-19 Antigen Schnelltest;Ja;MEXACARE GmbH;Heidelberg;DE;;;;POC (ohne Gerät);96,10;95,5 - 98,8;99,10;98,4 - 99,9;COVID-19 Antigen Schnelltest;
AT047/20;mö-screen Corona Antigen Test;Ja;möLab GmbH;Langenfeld;DE;;;;;97,25;92,17 - 99,43;99,99;97,16 - 99,99;mö-screen Corona Antigen Test, mö-screen Corona Antigen Test, mö-screen Corona Antigen Test;Axon Lab AGCare 1 Solution GmbH & Co. KG
AT198/20;Rapid SARS-CoV-2 Antigen Test Card;Ja;MP Biomedicals Germany GmbH;Eschwege;DE;;;;POC (ohne Gerät);96,39;92,37 - 99,99;99,03;98,09 - 99,98;Rapid SARS-CoV-2 Antigen Test Card;
AT178/21;MSP SARS-CoV-2 Antigen-Schnelltest;Nein;MSP bodmann GmbH;Bobingen;DE;;;;POC (ohne Gerät);96,12;90,44 - 98,48;99,99;98,63 - 100;MSP SARS-CoV-2 Antigen-Schnelltest;MSP bodmann GmbH
AT068/20;NADAL COVID-19 Ag+Influenza A/B Test;Ja;nal von minden GmbH;Moers;DE;;;;POC (ohne Gerät);97,60;93,1 - 99,2;99,90;97,7 - 100;NADAL COVID-19 Ag+Influenza A/B Test;
AT021/20;NADAL COVID-19 Ag Test;Ja;nal von minden GmbH;Moers;DE;;;;POC (ohne Gerät);97,60;93,1 - 99,2;99,90;97,7 - 100;NADAL COVID-19 Ag Test, NADAL® COVID-19 Ag Test;Axon Lab AG
AT107/20;System Device for SARS-CoV-2 & Influenza A/B ComboAntigen Rapid Test;Nein;Nanjing Liming Bio-Products Co., Ltd;Nanjing;CN;WellKang Ltd;Dover;GB;POC (ohne Gerät);92,31;79,13-  98,38;97,26;90,45 - 99,67;System Device for SARS-CoV-2 & Influenza A/B ComboAntigen Rapid Test;Syn diagnostic, Dr. W. Gottstein
AT462/20;Novel coronavirus (2019-nCov) Antigen Testing Kit (Colloidal Gold);Nein;Nanjing Norman Biological Technology Co., Ltd.;Nanjing;CN;Caretechion GmbH;Düsseldorf;DE;POC (ohne Gerät);93,21;88,18 - 96,56;99,29;97,95 - 99,85;Novel coronavirus (2019-nCov) Antigen Testing Kit (Colloidal Gold);
AT255/20;Severe Acute Respiratory Syndrome Coronavirus 2 (SARS-COV-2 ) Antigen detection kit;Nein;Nanjing Vazyme Medical Technology Co.,Ltd;Nanjing;CN;Obelis S.A.;Brussels;BE;POC (ohne Gerät);91,94;82,47 - 96,51;97,06;94,05 - 98,57;Severe Acute Respiratory Syndrome Coronavirus 2 (SARS-COV-2 ) Antigen detection kit;KL GmbH
AT090/20;FREND COVID-19 Ag;Ja;NanoEntek Inc;Guro-gu,Seoul;KR;MT Promedt Consulting GmbH;St. Ingbert;DE;POC (mit Gerät);94,12;78,94 - 98,97;100,00;93,93 - 100;FREND COVID-19 Ag;MS Med-Tech Supplies GmbH
AT317/20;NANORREPRO SARS-CoV-2 Antigen Schnelltest;Nein;NanoRepro AG;Marburg;DE;;;;POC (ohne Gerät);97,00;91,5 - 99,4;98,00;95,7 - 99,3;NANORREPRO SARS-CoV-2 Antigen Schnelltest, VICE SARS-CoV-2 Antigen Rapid test;Vice Vertriebs GmbH
AT194/20;DIAGNOS COVID-19 Antigen Test;Nein;Nantong Diagnos Biotechnology Co., Ltd.;Jiangsu Province;CN;Lotus NL B.V.;The Hague;NL;POC (ohne Gerät);98,10;95,49 - 100;100,00;100 - 100;DIAGNOS COVID-19 Antigen Test;NanoRepro AG
AT517/20;COVID-19 Antigen Saliva Test Kit (Colloidal Gold);Ja;Nantong Diagnos Biotechnology Co.,Ltd.;Rugao City, Jiangsu Province;CN;CMC MEDICAL DEVICES & DRUGS S.L.;Málaga;ES;POC (ohne Gerät);98,10;95,49 - 100;99,33;98,02 - 100;COVID-19 Antigen Saliva Test Kit (Colloidal Gold);Erwin Kowsky GmbH & Co. KG
AT331/21;COVID-19 Antigen Detection Kit NG08NS;Ja;New Gene (Hangzhou) Bioengineering Co., Ltd.;Hangzhou;CN;SUNGO Europe B.V.;Amsterdam;NL;POC (ohne Gerät);98,00;90,3 - 99,3;99,10;95,2 - 100;COVID-19 Antigen Detection Kit, COVID-19 Antigen Detection Kit NG08NS;NIC GmbHROBEX ENERGY SYSTEMS GmbH
AT416/21;COVID-19 Antigen Detection Kit NG08 S;Nein;New Gene (Hangzhou) Bioengineering Co., Ltd.;Hangzhou;CN;SUNGO Europe B.V.;Amsterdam;NL;POC (ohne Gerät);97,30;92,4 - 99,4;99,20;95,8 - 100;COVID-19 Antigen Detection Kit NG08 S;ROBEX ENERGY SYSTEMS GmbH
AT489/20;NG-Test SARS-CoV-2-AG;Nein;NG Biotech S.A.S.;Guipry;FR;;;;POC (ohne Gerät);83,00;74-90;100,00;96-100;NG-Test SARS-CoV-2-AG;Futuring Sales S.A.R.L.
AT153/20;Saliva SARS-Cov-2 (2019-nCoV) Antigen Combined Test Kit(Nanocarbon Assay);Nein;Ningbo Beautiful Life Medical Biotechnology Development Co., Ltd.;Free Trade West Zone,Ningbo;CN;Lotus NL B.V.;Den Haag;NL;POC (ohne Gerät);89,20;82,6 - 94;100,00;92,9 - 100;Saliva SARS-Cov-2 (2019-nCoV) Antigen Combined Test Kit(Nanocarbon Assay);LINUS Handelshaus GmbH
AT036/21;SARS-CoV-2 Antigen Rapid Test;Nein;NOVATECH TIBBI CIHAZ ÜRÜNLERI SANAYI VE TICARET A.S.;GAZIANTEP;TR;Meermed GmbH i. G;Neuss;DE;POC (ohne Gerät);97,54;93,86 - 99,04;100,00;98,53 - 100;SARS-CoV-2 Antigen Rapid Test;
AT117/20;CAT 2019-nCoV Antigen Rapid Single Use Test;Ja;Oncosem Onkolojik Sistemler;Ankara;TR;Casada International GmbH;Paderborn;DE;POC (ohne Gerät);96,36;91,32 - 99,99;98,04;96,14 - 99,94;CAT 2019-nCoV Antigen Rapid Single Use Test;Casada International GmbH
AT081/20;VITROS Immunodiagnostic Products SARS-CoV-2 Antigen Reagent Pack;Nein;Ortho-Clinical Diagnostics, Inc.;Pencoed;GB;Ortho-Clinical Diagnostics;Illkirch-Graffenstaden;FR;Labor;97,80;88,5 - 100,0;99,20;95,8 - 100,0;VITROS Immunodiagnostic Products SARS-CoV-2 Antigen Reagent Pack;
AT362/20;PCL Covid19 Ag Gold Saliva;Ja;PCL Inc.;Seoul;KR;MT Promedt;St.Ingbert;DE;POC (ohne Gerät);94,92;80,84 - 99,30;99,99;94,87 - 100,0;PCL COVID19 Ag Gold, PCL COVID19 Ag Gold Saliva, PCL Covid19 Ag Gold Saliva;Gesellschaft zur Forschung, Entwicklung  und Distribution von Diagnostika  im Blutspendewesen mbHHGHSerumwerk Bernburg AG
AT209/20;SARS-CoV-2 Antigen Detection Kit (Colloidal Gold Immunochromatographic assay);Ja;PerGrande BioTech Development Co., Ltd.;Beijing;CN;CMC Medical Devices& Drugs S.L.;Málaga;ES;POC (ohne Gerät);94,28;92,33 - 95,76;99,11;97,94 - 99,62;SARS-CoV-2 Antigen Detection Kit (Colloidal Gold Immunochromatographic assay);JingCheng Asia Group Limited
AT078/20;Exdia COVID-19 Ag;Ja;Precision Biosensor;Yuseong-gu, Daejeon;KR;MDI Europa GmbH;Langenhagen;DE;POC (mit Gerät);93,88;83,5 - 97,9;98,00;89,5 - 99,6;Exdia COVID-19 Ag;Axon Lab AG
AT376/20;RAPID Test Ag 2019-nCoV;Nein;Prognosis Biotech Ltd.;Larissa;GR;;;;POC (ohne Gerät);95,56;90,6 - 98,4;99,58;98,5 - 99,9;RAPID Test Ag 2019-nCoV;LMS Consult GmbH &Co. KG
AT338/20;HIGHTOP SARS-CoV-2 and Influenza A+B Antigen Rapid Test;Ja;Qingdao Hightop Biotech Co., Ltd.;QINGDAO;CN;MedNet EC-REP GmbH;Muenster;DE;POC (ohne Gerät);95,00;88,83 - 97,85;99,75;98,60 - 99,96;HIGHTOP SARS-CoV-2 and Influenza A+B Antigen Rapid Test;
AT320/20;SARS-CoV-2 Antigen Rapid Test;Ja;Qingdao Hightop Biotech Co., Ltd.;QINGDAO;CN;MedNet EC-REP GmbH;Muenster;DE;POC (ohne Gerät);95,00;88,83 - 97,85;99,75;98,60 - 99,96;HIGHTOP SARS-CoV-2 (COVID-19) Antigen Rapid Test, SARS-CoV-2 Antigen Rapid Test;MIKKA GmbH
AT006/20;Sofia SARS Antigen FIA;Ja;Quidel Corporation;San Diego, CA;US;MDSS GmbH;Hannover;DE;POC (mit Gerät) / Labor;96,70;83,3 - 99,4;100,00;97,9 - 100;Sofia SARS Antigen FIA;Quidel Germany GmbH
AT008/20;RIDA®QUICK SARS-CoV-2 Antigen;Ja;R-Biopharm AG;Darmstadt;DE;;;;POC (ohne Gerät);80,40;71 - 88;97,40;92,50 - 99,50;RIDA®QUICK SARS-CoV-2 Antigen;
AT302/21;COVID-19 Antigen Test;Nein;RED CELL BIOTECHNOLOGY INC.;Istanbul;TR;;;;POC (ohne Gerät);95,08;89,60 - 98,17;98,80;95,23 - 100;COVID-19 Antigen Test;ONYXO
AT318/20;CoVAg Rx SARS-CoV2 COVID-19 Antigen Test;Nein;ROXALL Medicine Ilaç Ithalat Ihracat San. ve Tic. Ltd. Sti.;Çankaya / Ankara;TR;ROXALL Medizin GmbH;Hamburg;DE;POC (ohne Gerät);96,97;84,24 - 99,92;100,00;95,65 - 100,00;CoVAg Rx SARS-CoV2 COVID-19 Antigen Test;ROXALL Medizin GmbH
AT483/20;Multi-Respiratory Virus Antigen Test Kit(Swab) (Influenza A+B/ COVID-19);Ja;Safecare Biotech (Hangzhou) Co., Ltd.;Hangzhou;CN;NIC GmbH;Osnabrück;DE;POC (ohne Gerät);97,04;92,59 - 99,19;99,44;96,94 - 99,99;Multi-Respiratory Virus Antigen Test Kit(Swab) (Influenza A+B/ COVID-19);Figura Pharma GmbH & Co. KG
AT199/20;COVID-19 Antigen Rapid Test Kit (Swab);Ja;Safecare Biotech (Hangzhou) Co., Ltd.;Hangzhou;CN;NIC GmbH;Osnabrück;DE;POC (ohne Gerät);97,27;94,45 - 98,89;99,42;97,93 - 99,93;COVID-19 Antigen Rapid Test Kit (Swab), COVID-19 Antigen Rapid Test Kit(Swab);Dropshippers Germany, Ingo GrebeFigura Pharma GmbH & Co. KG
AT376/21;COVID-19 Antigen Rapid Test Kit (Swab);Ja;Safecare Biotech (Hangzhou) Co., Ltd.;Hangzhou;CN;NIC GmbH;Osnabrück;DE;POC (ohne Gerät);97,04;92,59 - 99,19;99,44;96,94 - 99,99;COVID-19 Antigen Rapid Test Kit (Swab), COVID-19 Antigen-Schnelltestkit (Abstrich);AngelaQ GmbHDetools GmbH
AT346/21;COVID-19 Antigen Rapid Test Kit (Saliva);Ja;Safecare Biotech (Hangzhou) Co., Ltd.;Hangzhou;CN;NIC GmbH;Osnabrück;DE;POC (ohne Gerät);98,50;94,67 - 99,82;99,45;96,99 - 99,99;COVID-19 Antigen Rapid Test Kit (Saliva), COVID-19 Antigen Rapid Test Kit (Saliva), COVID-19-Antigen-Schnelltestkit (Speichel);AngelaQ GmbHDetools GmbHFigura Pharma GmbH & Co. KG
AT027/21;Multi-Respiratory Virus Antigen Test Kit(Swab) (Influenza A+B/ COVID-19);Ja;Safecare Biotech (Hangzhou) Co., Ltd.;Hangzhou;CN;NIC GmbH;Osnabrück;DE;POC (ohne Gerät);97,04;92,59 - 99,19;99,44;96,94 - 99,99;Multi-Respiratory Virus Antigen Test Kit (Tupfer)(Influenza A + B / COVID-19), Multi-Respiratory Virus Antigen Test Kit(Swab) (Influenza A+B/ COVID-19);AngelaQ GmbHFigura Pharma GmbH & Co. KG
AT176/21;SIENNA COVID-19 Antigen Rapid Test Cassette;Nein;Salofa Oy;Salo;FI;;;;POC (ohne Gerät);92,70;88,8 - 95,5;99,90;99,1 - 100,0;SIENNA COVID-19 Antigen Rapid Test Cassette;Promeditech GmbH
AT093/21;Salocor SARS-CoV-2 Antigen Rapid Test Cassette;Nein;Salofa Oy;Salo;FI;;;;POC (ohne Gerät);92,70;88,8 – 95,5;100,00;99,1 – 100,0;Salocor SARS-CoV-2 Antigen Rapid Test Cassette;HWV R. Blome GmbH
AT063/20;SIENNA COVID-19 Antigen Rapid Test Cassette;Ja;Salofa Oy;Salo;FI;;;;POC (ohne Gerät);95,90;91,3 - 98,1;98,90;97,4 - 99,5;SIENNA COVID-19 Antigen Rapid Test Cassette, Salocor SARS-CoV-2 Antigen Rapid Test Cassette;HWV R. Blome GmbHPromeditech GmbH
AT322/21;SIENNA COVID-19 Antigen Rapid Test Cassette;Nein;Salofa Oy;Salo;FI;;;;POC (ohne Gerät);89,90;83,0 - 94,7;99,90;98,2 - 100,0;SIENNA COVID-19 Antigen Rapid Test Cassette;Promeditech GmbH
AT150/20;SARS-CoV-2 Antigen ELISA;Nein;ScheBo Biotech AG;Gießen;DE;;;;Labor;95,05;88,82 - 98,37;100,00;99,43 - 100;SARS-CoV-2 Antigen ELISA;
AT069/20;ScheBo SARS-CoV-2 Quick ANTIGEN;Ja;ScheBo Biotech AG;Gießen;DE;;;;POC (ohne Gerät);96,77;88,83 - 99,61;98,94;96,21 - 99,87;ScheBo SARS-CoV-2 Quick ANTIGEN;ScheBo Biotech AG
AT022/20;Standard F COVID-19 Ag FIA Reagenzienkit;Ja;SD Biosensor;Heungdeok-gu, Cheongju-si, Chungcheongbuk-do;KR;MT Promedt Consulting GmbH;St. Ingbert;DE;POC (mit Gerät) / Labor;94,00;80,32 - 99,28;97,00;83,3 - 99,92;Standard F COVID-19 Ag FIA Reagenzienkit;bestbion dx GmbH
AT394/21;Standard Q Covid-19 Ag Nasal;Ja;SD Biosensor;Heungdeok-gu, Cheongju-si, Chungcheongbuk-do;KR;MT Promedt Consulting GmbH;St. Ingbert;DE;POC (ohne Gerät);97,12;91,86 – 99,01;100,00;99,05 – 100;Standard Q Covid-19 Ag Nasal;bestbion dx GmbH
AT023/20;Standard Q Covid-19 Ag Reagenzienkit;Ja;SD Biosensor;Heungdeok-gu, Cheongju-si, Chungcheongbuk-do;KR;MT Promedt Consulting GmbH;St. Ingbert;DE;POC (ohne Gerät);96,52;91,33 – 99,04;99,68;98,22 - 99,99;Standard Q Covid-19 Ag Reagenzienkit;bestbion dx GmbH
AT004/20;SARS-CoV-2 Rapid Antigen Test;Ja;SD Biosensor Inc.;Yeongtong-gu, Suwon-si, Gyeonggi-do 16690;KR;MT Promedt Consulting GmbH;St. Ingbert;DE;POC (ohne Gerät);96,52;91,33 - 99,04;99,68;98,22 - 99,99;SARS-CoV-2 Rapid Antigen Test;Roche Diagnostics GmbH
AT307/21;SARS-CoV-2 Rapid Antigen Test Nasal;Ja;SD Biosensor Inc.;Yeongtong-gu, Suwon-si, Gyeonggi-do 16690;KR;MT Promedt Consulting GmbH;St. Ingbert;DE;POC (ohne Gerät);82,70;75,60 - 88,40;99,10;97,90 - 99,70;SARS-CoV-2 Rapid Antigen Test Nasal;Roche Diagnostics GmbH
AT110/20;V-CHEK SARS-CoV-2 RAPID AG TEST;Ja;SGA MÜHENDISLIK DAN. EG. ICve DIS.LTD.STI.;Ankara;TR;Caretechion GmbH;Düsseldorf;DE;POC (ohne Gerät);96,60;94,9 - 97,95;99,00;97,68 - 99,67;V-CHEK SARS-CoV-2 RAPID AG TEST;Roger´s GmbH (Care4u medical Suppleis)
AT387/20;Novel Coronavirus (SARS-CoV-2) Antigen Rapid Test (Colloidal Gold);Nein;Shanghai Outdo Biotech Co.,Ltd.;Shanghai;CN;CMC Medical Devices & Drugs S.L.;Malaga;ES;POC (ohne Gerät);90,84;84,67-94,68;100,00;98,14-100;Novel Coronavirus (SARS-CoV-2) Antigen Rapid Test (Colloidal Gold);Detools GmbH
AT260/21;SARS-CoV-2 Antigen Test Kit (Colloidal Gold);Nein;Shenzhen Dymind Biotechnology Co., Ltd;Shenzhen;CN;Sungo Europe B.V.;Amsterdam;NL;POC (ohne Gerät);95,35;90,15 - 98,27;97,55;93,84 - 99,33;SARS-CoV-2 Antigen Test Kit (Colloidal Gold);Dixion Vertrieb Medizinischer Geräte GmbH
AT458/21;SARS-CoV-2 Antigen Saliva Rapid Test Kit(Immunochromatography);Nein;Shenzhen Huaree Technology Co.,Ltd;Shenzhen;CN;SUNGO Europe B.V.;Amsterdam;NL;POC (ohne Gerät);97,64;93,25-99,51;100,00;97,76-100,00;SARS-CoV-2 Antigen Saliva Rapid Test Kit(Immunochromatography);
AT424/21;SARS-CoV-2 Antigen Rapid Test Kit(Immunochromatography);Nein;Shenzhen Huaree Technology Co.,Ltd;Shenzhen;CN;SUNGO Europe B.V.;Amsterdam;NL;POC (ohne Gerät);98,00;97,12 - 99,98;100,00;98,12 - 99,99;SARS-CoV-2 Antigen Rapid Test Kit(Immunochromatography);
AT417/20;Green Spring® SARS-CoV-2-Antigen-Schnelltest-Set;Ja;Shenzhen Lvshiyuan Biotechnology Co., Ltd;Shenzhen;CN;Obelis s.a.;Brüssel;BE;POC (ohne Gerät);98,00;97,12 - 99,98;100,00;98,12 - 99,99;Green Spring® SARS-CoV-2-Antigen-Schnelltest-Set;audasia Handelsgesellschaft UG
AT071/20;Fluorecare SARS-CoV-2 Spike Protein Test kit - Fluoreszenz-Immuntest;Nein;Shenzhen Microprofit Biotech Co., Ltd;Shenzhen;CN;CMC Medical Devices & Drugs SL;Malaga;ES;POC (mit Gerät);91,27;91,27 - 100,00;100,00;96,73 - 100,00;Fluorecare SARS-CoV-2 Spike Protein Test kit - Fluoreszenz-Immuntest, Fluorocare SARS-CoV-2 Spike Protein Test kit - Immunofluorescence type;MediHands AGSVAN International Import & Export Co. Ltd.
AT070/20;Fluorecare SARS-CoV-2 Spike Protein Test kit - Colloidal Gold;Ja;Shenzhen Microprofit Biotech Co., Ltd;Shenzhen;CN;CMC Medical Devices & Drugs SL;Malaga;ES;POC (ohne Gerät);89,68;89,68 - 100,00;100,00;96,73 - 100,00;Fluorecare SARS-CoV-2 Spike Protein Test kit - Colloidal Gold, Fluorocare SARS-CoV-2 Spike Protein Test kit - Colloidal Gold;MediHands AGSVAN International Import & Export Co. Ltd.
AT544/21;Fluorecare SARS-CoV-2 Antigen Test Kit (Colloidal Gold Chromatographic Immunoassay);Nein;Shenzhen Microprofit Biotech Co., Ltd.;Shenzhen;CN;CMC Medical Devices & Drugs, S.L.;Málaga;ES;POC (ohne Gerät);94,35;88,71 - 97,70;100,00;98,78 - 100;Fluorecare SARS-CoV-2 Antigen Test Kit (Colloidal Gold Chromatographic Immunoassay);MediHands AG
AT385/20;SARS-CoV-2 Ag Test (Immunofluorescence);Nein;Shenzhen Watmind Medical Co. LDT.;Shenzhen;CN;Shanghai International Holding Corp. GmbH;Hamburg;DE;POC (mit Gerät);90,83;84,3 - 94,8;99,13;96,89 - 99,76;SARS-CoV-2 Ag Test (Immunofluorescence);Sysmex Europe GmbH
AT108/20;SARS-CoV-2 Ag Diagnostic Test Kit (Colloidal Gold);Ja;Shenzhen Watmind Medical Co., Ltd.;Shenzhen;CN;Shanghai International Holding Corp. GmbH (Europe);Hamburg;DE;POC (ohne Gerät);95,15;89,14 - 97,91;99,12;96,86 - 99,76;SARS-CoV-2 Ag Diagnostic Test Kit (Colloidal Gold), SARS-CoV-2 Ag Test (Colloidal Gold);HUMAN Gesellschaft für Biochemica und Diagnostica mbHSysmex Europe GmbH
AT409/21;GLINE-2019-nCoVAg;Nein;Shenzhen YHLO Biotech Co., Ltd.;Shenzhen;CN;Lotus NL B.V.;The Hague;NL;POC (ohne Gerät);96,49;91,26 - 99,04;99,25;97,82 - 99,85;GLINE-2019-nCoVAg;ASBACH MEDICAL PRODUCTS GMBH
AT211/20;Covid 19 rapid test;Ja;Shenzhen Zhenrui Biotech Co., Ltd;Shenzhen City;CN;Obelis S.a;Brussels;BE;POC (ohne Gerät);96,00;92,10-99,90;97,00;93,10-100;COVID-19 Antigen Schnelltest, Covid 19 rapid test;Motokay GmbHspreenic GmbH
AT384/21;REDTEST PROFESSIONAL SARS-CoV-2 ANTIGEN RAPIDTEST(Covid-19 Ag);Nein;Sigmed Sp. z o.o.;Cisek;PL;;;;POC (ohne Gerät);98,13;93,02 - 99,90;100,00;97,73 - 100;REDTEST PROFESSIONAL SARS-CoV-2 ANTIGEN RAPIDTEST(Covid-19 Ag);
AT010/20;SGTi-flex COVID-19 Ag;Ja;Sugentech, INC.;Cheongju;KR;MT Promedt Consulting GmbH;St. Ingbert;DE;POC (ohne Gerät);95,10;90,2 - 97,6;99,00;94,5 - 99,8;SGTi-flex COVID-19 Ag, SGTi-flex COVID-19 Ag, SGTi-flex COVID-19 Ag;DiaSys Deutschland Vertriebs-GmbHMTG GmbHProtoPharma Engineering GmbH
AT128/20;FORA Covid-19-Antigen-Schnelltest;Nein;TaiDoc Technology Cooporation;New Taipei City;TW;MedNet GmbH;Münster;DE;POC (ohne Gerät);95,80;86,0 - 98,9;98,60;92,6 - 100;FORA Covid-19-Antigen-Schnelltest;Smart OTC GmbH
AT072/20;VTRUST TD-4531 'COVID-19 Antigen Rapid Test';Nein;TaiDoc Technology Corporation;New Taipei City;TW;EC-REP MedNet GmbH;Muenster;DE;POC (ohne Gerät);91,30;73,2 - 97,6;98,60;92,6 - 100;VTRUST COVID-19 (SARS-CoV-2) Antigen Schnelltest, VTRUST TD-4531 'COVID-19 Antigen Rapid Test';CARDIMAC
AT379/20;Toda Coronadiag Ag;Ja;Toda Pharma;Strasbourg;FR;;;;POC (ohne Gerät);96,60;91,7 - 98,7;100,00;97,1 - 100;Toda Coronadiag Ag;Rensolc GmbH
AT044/21;SARS-CoV-2-Antigen-Schnelltest-Kit;Nein;Triplex International Biosciences (China) Co., LTD;Xiamen;CN;Lotus NL B. V.;The Hague;NL;POC (ohne Gerät);100,00;95,39 - 100;100,00;99,21 - 100;SARS-CoV-2-Antigen-Schnelltest-Kit;S.C.O.T.T. Science Center of Technology Transfer B.V.
AT075/21;COVID-19 Antigen Saliva Test Card;Nein;ultimed Products (Deutschland) GmbH;Ahrensburg;DE;;;;POC (ohne Gerät);95,65;90,22 - 98,13;98,44;94,48 - 99,57;COVID-19 Antigen Saliva Test Card;
AT002/20;UNIBIOSCIENCE SARS-COV-19-2 AG SCHNELLTEST;Nein;Unioninvest Ltd.;Istanbul;TR;;;;POC (ohne Gerät);97,44;95,47 - 98,72;99,30;98,68 - 99,68;UNIBIOSCIENCE SARS-COV-19-2 AG SCHNELLTEST;Science&Care Vertriebs GmbH
AT418/21;2019-nCoV Antigen Rapid Test;Nein;Ustar Biotechnologies (Hangzhou) Ltd.;Hangzhou;CN;Lotus NL B.V.;Hague;NL;POC (ohne Gerät);95,34;91,33-97,85;99,30;97,50 - 99,91;2019-nCoV Antigen Rapid Test;Fairpreis GMBH
AT419/21;2019- nCoV and Flu A/B Antigen Combo Rapid Test Kit (Colloid Gold Immunoassay);Nein;Ustar Biotechnologies (Hangzhou) Ltd.;Hangzhou;CN;Lotus NL B.V.;Hague;NL;POC (ohne Gerät);95,65;91,25 - 98,23;99,27;97,40 - 99,91;2019- nCoV and Flu A/B Antigen Combo Rapid Test Kit (Colloid Gold Immunoassay), 2019- nCoV and Flu A/B Antigen Combo Rapid Test Kit (Colloid Gold Immunoassay);Fairpreis GMBHPro-ASM GmbH
AT344/20;Romed Coronavirus Ag Rapid Test Cassette (Swab);Nein;Van Oostveen Medical B.V.;Wilnis;NL;;;;POC (ohne Gerät);96,72;88,65 - 99,6;99,22;97,21 - 99,91;Romed Coronavirus Ag Rapid Test Cassette (Swab), Romed Coronavirus Ag Rapid Test Cassette (Swab);Abacus Medicine GmbH
AT315/21;VISION COVID-19 Antigen Schnelltest;Nein;Vision Biyoteknoloji Arastirma Gelistirme Labt. Sist. San ve Tic LTD STI.;Kadiköy/Istanbul;TR;Pro-Aster GmbH;Verl;DE;POC (ohne Gerät);97,57;95,82 - 98,51;99,60;97,81, 99,69;VISION COVID-19 Antigen Schnelltest;BKD Fashion GmbH
AT069/21;RapidFor SARS-CoV-2 Saliva Antigen Test;Ja;Vitrosens Biyoteknoloji Ltd. Sti.;Ümraniye/Istanbul;TR;;;;POC (ohne Gerät);95,30;92,31 - 97,42;99,10;93,56 - 98,93;RapidFor SARS-CoV-2 Saliva Antigen Test;HOLZHÄUSER Ihr starker Partner für Betriebshygiene HOLZHÄUSER Fachhandel e.K.
AT292/21;RapidFor SARS-CoV-2 Duo Antigen Test;Nein;Vitrosens Biyoteknoloji Ltd. Sti.;Ümraniye/Istanbul;TR;;;;POC (ohne Gerät);96,76;93,44 - 98,69;99,29;97,45 - 99,91;RapidFor SARS-CoV-2 Duo Antigen Test;Imex-Co GmbH
AT507/20;RapidFor SARS-CoV-2 Rapid Antigen Test;Ja;Vitrosens Biyoteknoloji Ltd. Sti.;Ümraniye/Istanbul;TR;;;;POC (ohne Gerät);97,30;95,82 - 98,51;99,00;97,81 - 99,69;RapidFor SARS-CoV-2 Rapid Antigen Test;Imex-Co GmbH
AT132/21;VivaDiagTM Pro SARS-CoV-2 Ag-Schnelltest;Nein;VivaChek Biotech (Hangzhou) Co., Ltd.;Hangzhou;CN;Lotus NL B.V.;The Hague;NL;POC (ohne Gerät);96,12;90,44 - 98,48;99,99;98,63 - 100;VivaDiag Pro SARS-CoV-2 Ag Schnelltest, VivaDiagTM Pro SARS-CoV-2 Ag-Schnelltest;MSP bodmann GmbHNeucomed Deutschland GmbH
AT524/20;IME® SARS-CoV-2 Ag Speichel Schnelltest;Nein;VivaChek Biotech (Hangzhou) Co., Ltd.;Hangzhou;CN;Lotus NL B.V.;The Hague;NL;POC (ohne Gerät);98,26;95,00 - 99,41;99,99;99,12 - 100;IME® SARS-CoV-2 Ag Speichel Schnelltest;IME-DC GmbH International Medical Equipment - Diabetes Care
AT294/20;VivaDiag Pro SARS-CoV-2 Ag Schnelltest;Nein;VivaChek Biotech (Hangzhou) Co., Ltd..;Hangzhou;CN;Lotus NL B.V.;Den Haag;NL;POC (ohne Gerät);97,06;91,71 - 98,99;100,00;99,12 - 100;;
AT430/20;Antigen-Testkit für COVID-19 (SARS-CoV-2);Ja;Wuhan EasyDiagnosis Biomedicine Co., Ltd.;Wuhan;CN;MedNet EC-REP GmbH;Muenster;DE;POC (ohne Gerät);96,15;91,31 - 98,35;99,26;97,84 - 99,75;Antigen-Testkit für COVID-19 (SARS-CoV-2), COVID-19 Antigen Rapid Test Kit (Saliva/Swabs);Detools GmbHDetools GmbH
AT172/20;The SARS-CoV-2 Antigen Assay Kit (Immunochromatography);Nein;Wuhan Life Origin Biotech Joint Stock Co. Ltd.;Wuhan City, Hubei Province;CN;SUNGO Europe B.V.;Amsterdam;NL;POC (ohne Gerät);92,67;87,26 - 96,28;98,29;96,31 - 99,37;The SARS-CoV-2 Antigen Assay Kit (Immunochromatography);
AT429/20;SARS-CoV-2 Antigen Rapid Test Kit;Nein;Wuhan UNscience Biotechnology Co. Ltd.;Wuhan;CN;CMC Medical Devices & Drugs SL;Málaga;ES;POC (ohne Gerät);96,33;90,9 - 98,9;99,57;97,6 - 99,9;SARS-CoV-2 Anti gen Schnelltest Kit, SARS-CoV-2 Antigen Rapid Test Kit;Biozol Diagnostica Vertrieb GmbHDialab GmbH
AT038/20;Biotime SARS-CoV-2 Antigen Rapid Qualitative Test;Nein;Xiamen Biotime Biotechnology Co Ltd.;Xiamen;CN;Logcon East GmbH;Wien;AT;;96,00;88,75 - 99,17;100,00;98,34 - 100,00;Biotime SARS-CoV-2 Antigen Rapid Qualitative Test;
AT116/20;BOSON SARS-CoV-2 Antigen Schnelltest;Ja;Xiamen Boson Biotech Co., Ltd;Xiamen, Fujian;CN;Lotus NL B.V.;The Hague;NL;POC (ohne Gerät);96,49;91,71 - 99,99;99,03;98,09 - 99,98;BOSON SARS-CoV-2 Antigen Schnelltest, BOSON SARS-CoV-2 Antigen Schnelltest, Medicovid SARS-CoV-2 AG Antigen Schnelltest 20, QuickProfile COVID-19 Antigen Test Card, blnk Rapid SARS-CoV-2 Antigen Test Card;Löwe MedizintechnikMEDICE Arzneimittel Pütter GmbH & Co. KGMedipro medizinische diagnostische Produkte GmbHTREKSTOR GmbHTechnomed Service GmbH
AT001/21;SARS-CoV-2 Antigen Detection Kit (Collodial Gold Method);Nein;Xiamen Jiqing Biomedical Technology Co. Ltd;Xiamen;CN;Lotus NL B.V.;The Hague;NL;POC (ohne Gerät);94,39;90,57 - 98,21;100,00;96,91 - 100;SARS-CoV-2 Antigen Detection Kit (Collodial Gold Method), SARS-CoV-2 Antigen Detection Kit (Collodial Gold Method);MTC GmbHMTC GmbH
AT277/21;GRUENBANKA SARS-CoV-2 Antigen Detection Kit (Collodial Gold Method);Nein;Xiamen Jiqing Biomedical Technology Co. Ltd;Xiamen;CN;Lotus NL B.V.;The Hague;NL;POC (ohne Gerät);94,39;90,57-98,21;100,00;96,91-100;GRUENBANKA SARS-CoV-2 Antigen Detection Kit (Collodial Gold Method);MTC GmbH
AT109/20;SARS-CoV-2 Antigen Rapid Test;Ja;Xiamen Wiz Biotech Co.Ltd.;Xiamen;CN;Wellkang Ltd.;Dover;GB;POC (ohne Gerät);96,30;89,67 - 98,73;100,00;98,53 - 100;SARS-CoV-2 Antigen Rapid Test, SARS-CoV-2 Antigen Rapid Test;Dunox GmbHH.M.S Handel-Marketing-Service GmbH
AT162/21;SARS-CoV-2 Antigen Rapid Test (Sputum/Saliva/Stool);Ja;XIAMEN WIZ BIOTECH CO.,LTD.;Xiamen;CN;QARAD BV;Geel;BE;POC (ohne Gerät);96,67;94,50 - 98,01;100,00;99,35 - 100,00;SARS-CoV-2 Antigen Rapid Test (Sputum/Saliva/Stool), SARS-CoV-2 Antigen Rapid Test Sputum;Crenano GmbHEJOY GmbH
AT296/21;SARS-CoV-2 Antigen Rapid Test (Colloidal Gold);Ja;XIAMEN WIZ BIOTECH CO.,LTD.;Xiamen;CN;QARAD BV;Geel;BE;POC (ohne Gerät);95,91;93,25 - 97,55;100,00;99,26 - 100,00;SARS-CoV-2 Antigen Rapid Test (Colloidal Gold);Crenano GmbH
AT240/21;SARS-CoV-2 Antigen Rapid Test (Saliva);Ja;XIAMEN WIZ BIOTECH CO.,LTD.;Xiamen;CN;QARAD BV;Geel;BE;POC (ohne Gerät);95,35;92,58 - 97,12;100,00;99,31 - 100,00;SARS-CoV-2 Antigen Rapid Test (Saliva), SARS-CoV-2 Antigen Rapid Test (Saliva);Crenano GmbHEJOY GmbH
AT012/21;COVID-19 Antigen Test Cassette (Hypersensitive Colloidal Gold);Nein;Xiamen Zhongsheng Langjie Biotechnology Co., Ltd.;Xiamen;CN;SUNGO Europe B.V.;Amsterdam;NL;POC (ohne Gerät);91,70;82,58 - 95,76;99,60;96,75 - 99,90;COVID-19 Antigen Test Cassette (Hypersensitive Colloidal Gold);Dixion Vertrieb medizinischer Geräte GmbH
AT117/21;Coronavirus-19 Speichel Antigen Testkit;Nein;XIAMEN ZHONGSHENG LANGJIE BIOTECHNOLOGY CO.,LTD;HAICANG DISTRICT, XIAMEN, FUJIAN;CN;SUNGO EUROPE B.V;Amsterdam;NL;POC (ohne Gerät);91,70;82,58 - 95,76;99,60;96,7 - 99,90;Coronavirus-19 Speichel Antigen Testkit, Medicovid SARS-CoV-2 AG Antigen Schnelltest SPEICHEL 1;MEDBest GmbHMEDICE Arzneimittel Pütter GmbH & Co. KG
AT311/21;ZandCell COVID-19 Saliva Antigen Test;Nein;ZandCell AB;Skövde;Sweden;-;-;;POC (ohne Gerät);98,52;95,74 - 99,69;99,74;98,55 - 99,99;ZandCell COVID-19 Saliva Antigen Test;
AT184/21;COVID-19-Antigen-Schnelltestkassette (Speichel);Nein;ZET Medical Tekstil Dis Ticaret LTD. STI;Umraniye, Istanbul;TR;ESSA COMMERCE information Import/Export A.S;ISTANBUL;TR;POC (ohne Gerät);96,80;92,0 - 98,7;99,60;98,5 - 99,9;COVID-19-Antigen-Schnelltestkassette (Speichel);Rogers GmbH ( Care4u Medical Supplies )
AT167/20;softec SARS Cov Antigen-Schnelltestkasette;Ja;ZET Medikal Tekstil DIS. TIC. LTD. STI.;Istanbul;TR;ESSA COMMERCE Information Imp.&Exp. Ltd. Sti.;Istanbul;TR;POC (ohne Gerät);84,38;72,35 - 93,14;100,00;97,13 - 100;softec SARS Cov Antigen-Schnelltestkasette;Bereket Megamarkt
AT102/20;reOpenTest™ COVID-19 Antigen Rapid Test;Ja;Zhejiang Anji Saianfu Biotech Co., Ltd.;HuZhou;CN;Lotus NL B.V.;The Hague;NL;POC (ohne Gerät);95,80;89,17 - 94,39;99,00;91,21 - 97,68;COVID-19 Antigen Rapid Test, reOpenTest™ COVID-19 Antigen Rapid Test, reOpenTest™ COVID-19 Antigen Rapid Test;AlphaScience GmbH
AT269/21;AndLucky SARS-CoV-2 Antigen Anterior Nasal Rapid Test;Ja;Zhejiang Anji Saianfu Biotech Co., Ltd.;HuZhou City;CN;Brand-New Trading GmbH;Tiefgraben;AT;POC (ohne Gerät);97,50;89,17 - 94,93;99,10;91,21 - 97,68;AndLucky SARS-CoV-2 Antigen Anterior Nasal Rapid Test;Brand-New Trading GmbH
AT268/21;AndLucky SARS-CoV-2 Antigen SPUTUM Rapid Test Kit (non-invasive);Ja;Zhejiang Anji Saianfu Biotech Co., Ltd.;HuZhou City;CN;Brand-New Trading GmbH;Tiefgraben;AT;POC (ohne Gerät);93,50;90,14 - 95,31;99,40;91,19 - 97,56;AndLucky SARS-CoV-2 Antigen SPUTUM Rapid Test Kit (non-invasive);Brand-New Trading GmbH
AT044/20;Covid-19 Rapid Ag Test Cassette;Ja;Zhejiang Orient Gene Biotech Co.,Ltd;Huzhou;CN;Shanghai International Holding Corp.GmbH (Europe);Hamburg;DE;POC (ohne Gerät);96,72;88,65 - 99,6;99,22;97,21 - 99,91;Aegle Coronavirus Ag Rapid Test Cassette, Coronavirus Ag Rapid Test Cassette (Swab), Coronavirus Ag Rapid Test Cassette (Swab), Coronavirus Ag Rapid Test Cassette (Swab), Coronavirus Ag Rapid Test Cassette (Swab), Coronavirus Ag Rapid Test Cassette (Swab), Coronavirus Ag Rapid Test Cassette (swab), Coronavirus Ag Rapid test Cassette (Swab), Covid-19 Rapid Ag Test Cassette, Covid-19 Rapid Ag Test Cassette, Influenza A/B & Covid-19 Rapid Ag Test Cassette;A. Menarini DiagnsoticsAlphaScience GmbHAlphascience GmbHAspilos GmbHBio-RadDetools GmbHHäffner GmbH & Co KGImmunodiagnostic Systems Deutschland GmbHLumiraDx GmbHPraxisdienst GmbH & Co. KGisopharm GmbH
AT488/20;Novel Coronavirus Ag Rapid Test Device;Nein;Zhejiang Quark Biotechnology Co., Ltd;Shaoxing, Zheijang;CN;Wellkang Ltd.;Derry;IR;POC (ohne Gerät);94,87;89,17 - 98,09;99,34;97,65 - 99,92;Novel Coronavirus Ag Rapid Test Device;Bothmann + Vogler Solutions GmbH
AT103/20;Novel Coronavirus Ag Rapid Test Device;Nein;Zhejiang Quark Biotechnology Co., Ltd.;Shaoxing / Zhejiang;CN;Wellkang Ltd;Derry;IE;POC (ohne Gerät);90,60;83,80 - 95,21;99,34;97,65 - 99,92;Novel Coronavirus Ag Rapid Test Device;Careshield GmbH
AT350/21;LITUO COVID-19 Antigen Detection Kit (CG);Nein;Zhuhai Lituo Biotechnology Co. Ltd.;Zhuhai;CN;CMC Medical Devices & Drugs S.L.;Málaga;ES;POC (ohne Gerät);93,27;90,44 - 95,31;99,47;98,19 - 99,85;LITUO COVID-19 Antigen Detection Kit (CG);deucin GmbH
AT542/21;LITUO COVID-19 Antigen Detection Kit (CG);Nein;Zhuhai Lituo Biotechnology Co. Ltd.;Zhuhai;CN;CMC Medical Devices & Drugs S.L.;Málaga;ES;POC (ohne Gerät);95,96;93,60 - 97,48;99,47;98,19 - 99,85;LITUO COVID-19 Antigen Detection Kit (CG);deucin GmbH
